node,count,star,friends
SZDeASXq7o05mMNLshsdIA,224,4.27,131
enx1vVPnfdNUdPho6PH_wg,5,4,302
1OocYCAZixwbAXueW75FMw,837,3.93,845
GM_iCKAB1eszzcrTZ0zbfg,338,3.89,245
RgDVC3ZUBqpEe6Y1kPhIpw,1282,4.17,4689
PYxHpeTz2ZxZNJEBIAJgvg,547,3.66,300
j-X6katTF0OfkdgO6FQFfw,564,4.31,518
9CWr1HukCWdjW-5zTCXVIA,561,3.97,406
UzUnpnlH1n346MDgaFMOmw,582,3.82,777
FGhx8r2uv167A2eCsVarpw,31,4.32,64
qPGhjScyxtuHrWXN4A8VXg,1475,4,417
1kpMAKRZuAz3OzxBav3XTg,1196,3.88,3954
p-8vlScJDlYfmDQoKAmshg,197,4.03,447
JAFgOs6sMkZEE_nmwHXejw,937,4.1,976
IeGJAGat7pQhy_DMpDOI8A,453,4.02,223
fAsh__fjTwrWOF1b851bRw,149,3.72,93
fPCN1X42dXrz4JL4oJyLmQ,219,3.57,190
VJdBLC-9czdAWLYEHUDsNw,114,3.97,150
b6_gR3caZcaf3PIein5ktA,658,4.02,441
TEtzbpgA2BFBrC0y0sCbfw,1136,4.4,4336
hcGgZ4PbKcM3K1clw7tEGA,2450,3.73,1166
4QeDAhpEaD22wxT42AqFPg,484,3.77,411
Ot7pvG56inGGnXYM0O7ofw,169,3.62,375
i_is4plaIQhO5zddLvgsfg,948,4.19,746
UVxY0iyPaqY7s4BSFtt-xA,1956,3.53,5195
kTCjjePdw2y0ro5jQsK2jg,9,3.71,13
umIYHRbXtyb_Yy5uThSD_A,238,3.96,1876
To7EBxWC-Yz011V2-tdTvA,575,4.12,1117
y8aWXOimQ9ZgUgZ6q--nCQ,472,3.93,1716
T6TjDj9BQuS46xDB8eeHFQ,152,3.45,112
X2eRW_1OOvgJXyD1vYSaSg,231,4.13,644
wpTLof7xazxpqvYGOSk2Rw,21,4.33,87
4Y81J2Tdq5XAnkeYmCZ2ow,1413,4.1,6266
PErwVNJBPnRVlSADno2pYA,20,4.65,386
SgXXJsZXK5ZXkHqXSruBHA,201,3.52,28
PauNerg-kHRpoqLwB6F5CQ,905,3.52,340
rGdW50y9qjzvx2Zboyl9Mw,199,4.1,585
ipleTHGh9KR8hO5U1yxzXw,1000,3.64,894
UxJoHsSFqc3TcM6UkIPmeA,323,3.83,282
hyVhS1c2mX7eOCTqVkrGdw,13,2.86,10
LFha-r2VljAzN13YwySTXw,443,3.74,808
866bNH6RTDVVl-14OyD9Sw,340,3.72,137
KhjOWuMOTtLuxqqjMaoagA,328,3.74,386
v04M__Old-32TL8tJaqs8g,86,3.64,983
SNTN-pqf_6f-FJa0eAY1uA,4,3,44
pZ4q1RJSw-RlUWeJbUt8Nw,4,3,1091
vxQGM-5nO3VGPkLA3dgjyQ,19,3.48,195
qR8k1-PEx0z2QU-gEgpWVg,10,3.92,102
qD51vvp5Zf5DgPEGy7yfDQ,1069,3.73,393
oKrct4Hc8hZNMYXecitLCw,870,4.21,2205
RT8Y7PxPzC7DuAjAquNjng,468,4.18,683
x1ohukJ5XJClkR26GXlJkA,155,3.26,87
S3v2L43KNkKPNm_IcZ3T7Q,428,3.69,647
AgzHzIzC6ZHTKgker0egAg,695,3.89,1012
G-KKZ_DT1jAF_gNUlGFFQg,270,3.39,226
vJK3xvyiVpuKHMGJ9Iy0GQ,19,3.89,14
ESpwFKguWoMuWH0pSgjL7A,371,3.61,307
Kj-u8Yq1d3mLKitWsDAxpg,793,3.58,758
tQLMXlWuhLZbUXWshvw4Zg,137,3.68,253
_mNcNaZ4jnZlTdAAQStgSw,43,3.83,27
NSCy54eWehBJyZdG2iE84w,169,4.06,1392
FBelk4JGoO0ZCFlfJzW3aQ,849,4,1618
qVc8ODYU5SZjKXVBgXdI7w,585,3.91,14995
mr52dL8Vw8tcTrfB23ykKg,548,3.46,304
QZLGsCANN9wSb5A_WAgLoQ,159,4.44,172
yLW8OrR8Ns4X1oXJmkKYgg,901,3.73,6535
kyG14FyCWmVW3Uefs_GE_Q,221,4.07,528
ZnBTVsQMCuHdp4qmwrZNeQ,324,4.05,408
2--3--v8yHU3a3FljCcBRg,189,3.89,339
LFWqsYenheLD0ZW3upTpKQ,17,4.35,74
3rxKQ-_30q3l5Xe1elmUSQ,309,3.88,328
cR5ZY_fa3ciB4etcm6IPbA,219,3.66,105
Yu98_qkOrcPiKHVE6uu2gg,77,4.38,83
jkiinjUy8RUZKzW5gBpXNg,630,3.8,382
fggw0VI7i5uVqKfxnyMmPQ,91,3.7,330
h0Jn9rkacf3tGw5BeZMHWA,185,3.49,249
2PYxmh4hYRo6Mfc1WniqIw,234,3.85,1754
RfDGx52UbQHbJf4a-ERWEw,117,3.74,134
BjtJ3VkMOxV2Lan037AFuw,572,4.3,3009
0kSXMbNFo7mdwTPj4iQv9A,1022,2.98,1576
Y4DBgQUuecjUc7KGtWUVvA,364,3.89,338
2l0O1EI1m0yWjFo2zSt71w,2837,3.92,5908
w9xY5eN9ACv81OaGBWc1kQ,545,3.51,156
cwbjd4cT9jlQybaQ_orxoA,670,3.87,3009
8RgOu1xfIYeNHTWtW4FaMQ,270,3.44,292
bAscXiDcvAZfcNEsP2HnIQ,314,3.82,240
n-34VCW0iAaxrX0HWSAGaQ,75,3.77,53
TOj5yZZEwS3J3fLgo3V3yQ,1117,3.68,769
yU9VHS_AuXUKbdrzcoDTNg,150,3.94,557
uOP5d3lhIQP1S4uG5UFXAg,291,3.35,350
8xubwsU_9t3QmHzxTghdlg,352,3.72,86
wsc6EkWfDnru6vmS3e5OnQ,775,4.23,1051
BBdRlIK_eeFhdl4EL1pLAw,670,4.03,1396
BmGKtjhYkFvMR13-RubrOQ,290,3.88,2015
pIo73J0a7bxCK7q9BHdkzg,524,3.88,578
qI3uzegMdq3q3WxAajECGw,961,3.89,4102
88rBeOQildHX35dMSVgKoA,230,3.78,306
6I042PLRiYub7RvufcqjZQ,378,3.89,520
CHV3OXUzMbMDZ5A07UGO5A,1326,4.07,110
cQViDIwmTUiy95t1ban1lw,284,3.5,212
Lu8y2ayxVlAzuJEVfVcH4w,2482,4.23,6043
sHozd2pcOKwHtPr8VlZJfg,75,3.66,39
7mL9cvICl8fuCQTM89a-SA,115,4.05,56
quBsSLsr7J5XiA7mydCvcg,180,3.43,24
ET8n-r7glWYqZhuR6GcdNw,2256,4.05,5958
lNxRaIO2wNqMkCcQ8hhtyQ,229,3.96,436
So9tAKkk2PRT2EiaqHklRQ,98,3.14,1430
K1lyP0eGLAy6800sXZKsVQ,442,4.07,328
SdX5PJK8bM-e842qj-24Eg,419,3.74,592
LXvn-Wl2Sjzvl_7TxK-x6g,348,3.8,36
GS0kxasM-tB1FO6naHOY0g,3,4.67,521
M79rv2KKQA4cYEoTIBXvoQ,288,3.52,203
lsYZlrgIoR6hTrzT-32rgQ,157,3.93,88
RZciG-ZsEyD6GjEP_huEHQ,16,4.56,153
Ss8qDbb9qmIT5YhSybg1SQ,101,3.76,31
x3V-hyjLJ44qF0Yq9-ZJzg,47,3.8,115
A_BF2dDDUTKGVXrqxO9mag,355,3.82,107
FWRwckNSS9Uc4FLfpDPlMA,362,3.86,388
LkppvmQ5Zc5eogJpDIuwJA,161,3.67,58
7UKX16IlVZ5vXCO0rfxbsQ,116,3.69,38
ci7Q6NvXQ8UZrBHusVX18g,1289,3.27,3061
P6_r7O8zEjnxTSBkS6WYfg,1088,3.81,4781
CO3g-IPfVphxMGlY9_OfOw,65,3.79,14
jYknm57qpeZzTueiVIYTOA,134,3.81,45
UXcOSMHZM2RPWTgjQbKDJg,151,3.4,56
GawyLibaMGt3PCsv-hI5sA,458,4.05,1404
lRvVaSIPosTTbOYFC3HPAg,212,3.69,82
mv5r2Ixz67gUp-KRiPrE5g,101,3.52,270
vN3g95kWwmg86ulzTXo2sA,219,3.72,184
pTvR_xN-sWY5-jakTKw1ag,92,4.24,118
jt49xjEjQisu6wTTGn6B3A,1951,4.29,6311
dRaLq9sF45RYHhKfUd8NMg,545,3.85,307
Bsbumyr3Of8BauN2URK4bg,607,4.47,2005
-4pU1kYulMf2L07Rk579fA,231,4.01,1526
ypOUnBbNlQKYT7Cw0uKXSw,85,4.04,127
-7qXyEUe3RIs8CjBK8aEbg,52,3.81,86
ipeEoKAGKF8Uw92rFOfjIg,548,3.65,351
pJ1SKD4XZr-6p9FnG8yZ2w,348,4.11,379
QVAmRIrCxhYLqh7wl4Vlog,519,4.01,1112
YR7atQMrq-7d_JyLY-WI6Q,95,3.77,41
pP-0Cx9ui_u52pUTOnzYCA,96,3.76,36
c4eh4aq5Bw9zVMt4xLG2ew,1,3.62,325
74u0BqVki8bosqXoB0AKdQ,37,4.7,217
4Qzu3MooyeO_vB-tNiQ1RQ,887,3.93,4792
fhwuZ10KVyE9xB-kRmZFgQ,115,4.43,142
YSIeDKGMU_qFebcNHHm0_w,68,3.89,55
yNJFuxS57STpalVk0vqOdQ,28,4.14,32
bnf7t21SCFw3HWfV_soG_Q,268,3.78,2979
C4OPjr4cuR1RV9vQfytCHw,15,4.47,7
nTAHiudOZhjfgB5PQk0OsA,115,3.79,612
R5lhVvcJ7tNx9-Pe2-j8Pg,297,4.17,144
8k3aO-mPeyhbR5HUucA5aA,16978,3.35,5777
P3onMWiIYufwVxHhX7BKXQ,163,4.11,147
5XsVXyHr95m8A07IVrqG7Q,123,4.1,335
lX89A57ZsdTGx2BXaVLlYQ,697,4.13,658
nzsv-p1O8gCfP3XijfQrIw,4157,3.46,2086
rkK96l5UfI4Z_X7o7VuYCg,155,3.05,259
bgOjO-HX-7wzUlXeXJJ2pA,165,3.8,425
KmqivnDXe3mVjBtp9ZxkOQ,492,3.79,435
cUnvmWGohwnZgZtltVmblA,484,3.79,786
pTfw8xWpDVdIUt0qVztzOA,305,3.92,989
FZJuFAyZEvrEKR_HHRcBqg,432,3.44,283
xe9mhnlofGpXmFP1L5yrCg,459,3.78,205
tovDQLmW7cb_4oPprWsxWA,221,4.67,918
_vk88Fk8e7_HkXSMb9M9AQ,850,3.74,177
HFECrzYDpgbS5EmTBtj2zQ,5887,3.94,3228
rg8gO0JL2h9O4FKEYjfrPQ,278,3.57,619
iM65_UObxBvexo50FiSYhg,1245,3.25,1145
woZhhAj9QrzMYBJ8M7uJFA,1262,4.25,1110
uZdFsE_aHbFBChgN6Xa8tw,1921,3.92,867
eyx42e79U0UEIqWabS1GEA,548,3.59,2069
qFxytBrCr8jDpvKidZ2Vrw,691,3.87,1502
5mG2ENw2PylIWElqHSMGqg,705,3.79,3447
YrQsJH1tRl3AowTbdGLD6w,126,4.28,248
chG58EhXagCSvub2-a73RA,1394,4.26,1938
ls9Z1mRQ9m4sYG4f-WzoUA,474,4.28,1234
z3r5-Pt8En31K-Tg_cMDZw,42,3.06,36
GqHrL09yyKXq1OHa8DhDPQ,671,3.6,1230
zUGNL2kbzomjtB9YMzpY6g,235,3.55,206
wEE-YMx5pmSuagLtNxMPKA,2000,3.85,8087
cufhYFdyrUAt4SWe-m0grQ,2422,3.75,6232
bdenOEWX0Y1Yld5qNQ1QKA,385,4,3240
bpNI5D5-om3PnKhDLzppXA,714,4.07,355
jrMxBHW3SlUGVGYWvPsHWA,1553,3.31,5469
2NWKoTSkkF-s80oxPjHZSw,193,4.58,1210
ZxPp3Zq3UILBmWhvawOeGw,196,3.73,307
lCB2P0vuS1M7rdhRSI2Cyw,1278,3.96,524
qiulHWLvkwKIvrURKNHz3w,78,3.44,86
0ltmHwUQuQde4me8DII0sw,164,3.78,391
WlWgl1aWl-8wGZYUncV-2A,1111,3.74,110
ACUVZ4SiN0gni7dzVDm9EQ,2093,4.11,6114
pOsSRzm0ZOXE9FcJ5pWxYg,844,3.94,1533
tQRw0aZcyns3i2V7PxygKw,257,3.86,513
UXbCcmkYGl3DH_Py5UOtbQ,2704,4.17,310
YCZinrPHk4Hm6WgighoS3w,123,3.43,613
dbrGVOcscXUQjQGi_0bnaQ,151,3.85,389
F8ZdHw7rhyp3FRqQpqQNTg,78,3.64,105
EGfQMYMxnUDmSdsXhXDoxA,369,3.58,92
-4BEUkLvHQntN6qPfKJP2w,406,3.67,1664
IdcM2uy89NaII7p0oVoeHA,453,3.55,1301
qAj0AkFXL-6C-Y37Tlbqyw,149,4.08,257
XN3VCkjI72xpV0RoXn9ftA,56,4.04,191
wtNVQS20Fi7DRrDPXPUubA,146,3.51,216
Hnu5s_myOZZIS2eny7liVA,1430,4.1,543
cjotiAHFSbFuvbxTWmGi1Q,1598,3.39,6012
6ZR7HuUpHk_NQNs0dT0oLg,386,3.57,689
iEONL-v4W46yliYsovCP_g,947,3.65,805
obt4ZTH5xxtHhBdRzUzLWQ,177,4.07,89
vDzJZHf1uF63LoG0DFZn2w,922,3.5,416
6xl9EVLg1MTwq4gw21e4Nw,631,3.73,1479
jBz-hEEWEW8Fj8cNhasfDA,425,3.44,150
VvPjJBX_bU3UK0-OltaAYQ,383,3.98,57
AeOXHZc3LDdFmKmaq5N8YA,30,4.43,60
PEkp7T-uOgUq5AIQ5obt2A,409,3.77,300
9IF2ZMnkrZlvxCHcO0h1EQ,1119,4.02,376
0gEDwhSUIWIBz23MbLYMig,698,3.79,1104
K9ejqgRQsGQOuM43hKtN8Q,724,4.33,2238
kofiqkPOeo1loQHsVbxQXg,897,3.43,2256
E6-Fau9Xv8aDbrUS-lavTA,337,3.07,251
ZXCGLSEIJfV_g_MbDs4CYQ,166,3.59,145
RBzEA5HX6wfONiKN9FACjQ,411,4.09,275
gpqGjIHlvUKDTttna4wcZQ,445,3.59,193
s4IWOzlzqYy8LqUQsSgsqQ,72,4.11,45
F3nnYBk4Le9ekAVarvlmPw,120,3.92,357
R5QmeesF5XYUsvP1XJqDYQ,501,4.19,847
51SjZEz911Af5t-EpNgk4g,454,3.46,205
51DacJvYh42ttaz53ofrWQ,186,4.02,171
3Vd_ATdvvuVVgn_YCpz8fw,664,3.35,1908
Uz3gNU7ozU0saoz8Z1mnlA,68,3.27,56
eBp5Pr7Gz2n0_b2eFzT0dw,87,2.53,12
We9qK9M-oI6LUULbQo_InQ,828,3.5,476
NqlXmevVUjFkYGux2evROQ,304,3.66,208
ave8KtOQ9T7kPuY4Gd_ypA,35,3.07,11
uwqoo1QkVpuan1O3X66yZw,219,4.03,178
gBCKyJl4lEQZJc6WWEFvNw,157,4.27,52
4_qLiAWJElV_pGrnfdnQEg,36,3.14,31
pp77orWmFPKqgXVQSlT3xQ,13,3.67,57
aaKoXeGR5JF_57wfJrhKAg,179,3.45,38
QBXAIu1Vm-nKXUwBqZ5H7Q,642,4.16,539
wwKKW3uInlLLkDzrwbuIkQ,567,3.66,585
Wds_aPj1F1Nip8wOG-lEoQ,150,3.94,75
EL157qzf6YGZkjAr9iULQQ,52,4.11,50
3r3iT08hht7EDSm_6OSToQ,183,3.78,343
LM6pxbcfdyUS8M2jWoQk1g,259,3.14,1046
WcKhdyAJd3YIRemYr6pAFA,327,4.11,379
9bxdPvAhP6cuipD5s2UnCg,1409,3.55,704
hcZqq-a16ZTjaM2p2MljTg,1059,4.15,971
5IX9FOesKrLRyz618xc6tw,1024,3.98,719
NYyeholOaCJGxuYzxohTbQ,153,3.75,116
jbme6UoDggF7NtkItZZyhA,797,3.38,746
VHdY6oG2JPVNjihWhOooAQ,2101,4.22,7342
kORGcgi0Iw2RG8gJl84MVA,683,3.87,352
8hvXl0oJmU61l17LG9aDag,773,4.1,1433
I_j27adMJeMqHK1nt2fH-Q,1,1,1
fIfKT5J7OWnr_sNP7VKkAw,637,3.94,2628
ZIowdUve-IjIN-EgQIwCLA,348,4,495
Q2VujM_tGLPzXdHdUMKxrg,327,3.37,91
qRBTAUOEWrBY9N1JszH1ow,529,4.08,294
zyLIp7DRFqeIE1Grrh3Zng,1063,3.72,900
2oiPE2rww3Ofw09aishi2A,140,3.97,4599
b4VMrSIDUQl6T7PDehGH6g,301,4.25,569
rmUIIgiu-Y2Rps1VEO2eBw,18,4.22,7
RKfETgoe0wuZds8EMDBw0Q,1286,4.01,791
vgwdQ0fpDZdoTidJuwYq7w,1316,3.94,161
OqH85SAF0oLijVY_SeAk8A,439,3.89,635
2Sf58ceaNru-RFabRtUvvA,301,3.88,224
JgSMZ6MUZGf38cSBajknww,934,4.01,1258
NsFfswfKLCRb05F0rV3kvw,362,3.8,587
ipM70dVcbx5T3RAnHDxTow,148,3.39,182
Agbv8YDkOE7V_ZfJseLVOA,403,4.13,1641
XsFTrDbmDw7O_9rdfKmzvA,785,3.84,452
X1O-diLXsmiZNLj0n6x4Zw,130,4.31,119
5URA-S08gut_tJ6Ae1rrdQ,69,3.69,8
fccMIyBd6ZhFUVAhvSqsrw,983,3.97,574
Ffa1cXIvFAy8H1sorICaiQ,873,3.67,592
08mOpJRCpZe3D8UHszP4FA,3207,3.36,606
wqoXYLWmpkEH0YvTmHBsJQ,398,3.61,2454
Lr-B-r-KF80yFy-2u336bw,2072,3.99,3129
ItTrSpq6VC7y5Ef3SqdPrA,73,3.9,216
AsuMdGDmSrz5sQRn1M0_og,14,3.75,115
_V6qMBCSzhwx96FLB3CJRw,750,3.69,715
CVlGVvlR436OH8Q1pHfz-Q,243,4.01,617
Uqv8B3vCJrT0_78HCCeokQ,351,3.77,423
55Vs9UMg1XeUHcDqL_lNlg,132,4.25,691
TQcPKNHseGA0zRD36P_lmQ,153,3.56,217
Oo_f1n10rb8T-qHGNJDJ5A,94,4.27,1736
_8NPzCUqyXKHcLJVvyKcpg,17,3.44,19
gf4tyQgQOtVMkOdvveRHVA,1512,3.79,477
sJtUomssClT750zFXODwZA,322,4.31,315
sZUC9GbwvDHWrHl0D_d2dA,214,3.73,530
k-j4gWrLUSFNZrCZgS115A,189,3.77,1034
eo0tmepvnDLQfpY2O78o_A,176,3.74,400
jYowMfO4Gzh_kuwgFS_oyA,735,3.34,1645
dC5kYsLGGoLLVlMjeMqfLw,476,3.73,1230
Rhvt5HoMG7mayNd437Vm2w,2109,4.11,1762
dUjWYjb8F-bWeKsS_lMfBg,413,3.81,613
irkRHMqg9oSt7lv3OSiNkA,995,3.83,974
qinBGdCRzdbj3Sc2ZnxFQg,674,3.49,289
yPmlM7fxm6H4u3kFdvdHbw,224,4.35,143
B52rugmvG2Re6Q75ESgTxw,417,4.14,616
zHl_oaFO79N87ZvGVUaXbQ,183,3.73,143
C9ijJDnBaaWNQD5tLcNBFQ,798,3.5,409
aMOQUtikM2CzotY9-FqkDg,184,3.86,136
3-t_uaPKVQQmOUAIu7C-PA,970,4.01,4863
i7InYc4ZjJtT9owHijpiTg,49,3.65,514
JhEv_tVT_9QP86yaT51efQ,38,3.58,227
JnGjZVSlfCkKHErvO5ts4g,788,3.64,456
8wKZ9gJYJtTdSVWgW7Or6Q,1052,3.77,1463
oUNm5rDUDxu0LMximnNHWQ,266,3.86,180
yQmqcY2Kmwb7eG1XvatHWw,55,3.49,348
Dd3EKYgkkNnd5hV9hBMkYQ,436,3.4,297
UdnFa74MR3BIHFoN_tsLwA,143,3.72,10
cr8DlB2ErR898Nhen_0oSA,453,3.53,434
uMpWu7hSowxC2v25Nv9wbg,330,3.78,591
q_QQ5kBBwlCcbL1s4NVK3g,1221,3.85,5843
vsfG95vDU20d7upU1Zs6uA,478,3.71,692
VO3SB9Bxmy3AItS3KyqPmA,400,4.07,431
GfB6sC4NJQvSI2ewbQrDNA,384,3.41,1552
PjYaEnWRFB7uogiAeaXQQA,364,3.87,1113
dpEtyfB2o7MH1Mc_Ygoolg,389,3.89,918
rEyRtUy1jsueIqbAfQH4lA,72,3.94,325
hiKLYdMyE13hlLJpCbjcOg,33,4,81
pCkhnpWLQkD3ga9gdEw21Q,158,3.69,68
x4dMlJWPH-iaNqdDoRwmqQ,900,4.3,429
8qt5ruOV2T7VFtjWGXe43g,594,3.44,238
P_zJ0bvns-RgGdCC2sNi2Q,39,4.3,5277
oo1J2dmkuBPjzjD2kZ2qTw,157,3.88,129
KOWl_ZhqhYqY33-CbaJubw,565,3.98,1331
iLjMdZi0Tm7DQxX1C1_2dg,2434,3.98,12395
77wo69hNeqoPVBRRLzO1hw,444,3.56,863
uMY4K6grC1P26Lh5kr6hJA,148,3.96,610
JqvMnkshOzWASc6O8D_93A,23,3.84,1172
G9Vb6yQ047TC3O_-GG4WZA,1543,4.17,5667
4f19TwsuHW5pZNucUdyAjw,160,3.82,257
kXZjG6pZ65sL0BMcfY1OFQ,261,3.4,213
IfHo9BPvVpeuzY8lnJjN-A,1004,4.01,172
ih0Zjj8g8fXMCGJ4VJSQsw,413,3.71,629
9oAk1mL3fzC_2ixGcSkp3g,843,3.74,1660
60iCXLkb9xqhe5cvEun0kg,166,3.9,426
iwOaARhZbbVJkUM60E4hqg,100,4.4,230
u-yx9X8hvo13y0OVpHT_Cg,211,4.01,283
1DDDJAA6CJd2EsaV0B7GXA,243,3.86,1404
V2NBXuUOr3pm5CAl4hnKkQ,54,4.53,607
wbe3nWYyjwaw_bgebBBaQA,558,3.7,1208
-9-7rfnAhekgWTH_wmXvrQ,46,4.53,2100
9X6WppCfF5Lxi3gJj5oibg,113,3.08,114
tXKTfiUh_3R1En0xYonXdw,620,3.72,280
Q2ypniXgxT93GCs1OCZpAw,71,3.67,121
RAtxWwSoLaLTphkNeqLNIw,134,4.1,275
pypZb3V5TXHOnlTj-qLSrw,849,3.59,1770
LdWIjNvjdaAoAfpQhT6F9w,932,4.03,839
qu8CAL1egblZ38yPBkfD_A,336,3.84,330
5AVWo7Un0bM9qbhvgC8pCA,313,3.76,212
RpHDfs1-LZpwyBz4D2yQ1g,163,3.39,110
CDjeQhhH7ZoSKBDQ5_O3ag,391,3.89,270
HYQoxBC1y1DGPq6pGP09Tw,1999,3.74,2540
UKsBKla6IjgOeKe_UC5Dbg,486,3.94,479
ZBLZIOrO3DZJzDFlFO-bJw,1915,4.25,1809
GUgpBHOTvHLP0ghauooi6w,126,4.34,542
RfiPzrotDSRHpnZh_sgS8A,430,3.91,290
V0WaWtgeTa-8P5XHc5eRVA,146,3.61,65
4VKgonp2lWVpNlKKrIbzjg,415,4.25,288
tw_UfR34h9a90PKhVu-WiQ,1247,4.06,1241
mi8LdMhA5MS_9HK8U6C-2A,222,4.05,524
G5LXEaxhQMF_BVjNHkVr7g,1926,4.07,5382
oN4WsxG0B8KVsgRtM6NflQ,120,4.16,55
jCfyi8mOBqMJrj_DZFalgg,659,3.14,5432
4x3x0oGs9gcHCoQpqoI9hw,1176,3.89,4287
PrqhlhGVjq5FuaM9pW6Enw,325,3.6,314
-3i9bhfvrM3F1wsC9XIB8g,747,4.14,568
mvZnbQ9XcMcBMCTASry-Aw,195,3.93,656
S9kSawG9Ry10RlUkdGZvAQ,207,3.86,437
8QMRRcq9d2DHDdcWZ3kQAA,184,3.82,343
GgpUb0DEOdbmkFJEfT1vgw,334,3.88,179
JVKk_NbM6NjTiA9aKs2bUQ,327,3.62,105
gvYdMI_M6clQDGkrAvbRuA,587,3.58,1473
5vXqog3DHrRXADKUg78B2w,197,4.1,314
9PF9t1FY1gq2JxeecJ-HrA,169,3.86,336
KETa97Knz4ZJZPv53CHGcg,751,3.31,1839
CDZWiihsmtiP-cgBRSSljA,729,4.14,463
TGdnpYdQgPnKAd7JoC37pQ,1226,3.94,1117
d0yPidFLXxYInBxZ9adZ2g,421,3.88,277
5owQGIjw3pI7JNnQdtAMtg,56,3.87,222
rMsB82tk9uOB6JumPMgczg,603,3.83,4306
g5JvNSSkz6q04uvDcqSU_g,1100,3.79,1206
3yBusRwPYtMCpaBkEyhyJw,441,3.54,2535
37HswRimgBEf7_US-c3CDA,2619,4,502
P0wENWX4LNg84G-nsqcGFg,901,3.73,1767
1CFYzyco4gN6_6-8zxlAUQ,562,3.94,624
inaJDxkh3aD0lKmBfhJKJA,702,4.11,406
M6FnJXAlysOuB3VZ_nyPFQ,327,4.32,557
2hXVCAZRFuJtH8010LL1ag,120,4.26,597
iWbiZ6PshZ0XqVJpF55ciw,231,4.03,264
TgtP6vCUDx-ChkLRXhb2rw,395,3.95,70
TmUa0QrkFVyS1g210xI7qA,17,4.85,400
WkBSBfRRloP6QFH7O8I5dg,586,4.07,1471
oMem-_dyqT4LxlmRilaBug,329,3.92,1437
sk6B4gQQKL37Ua7a_Amu7Q,4,4.75,2
fheVmi1JHBriVpdJn4OpFg,6,5,95
n4Y6wdh6om3QtIFlWakfDQ,124,3.52,8989
c_uBx20pHZJMCNgKO54wlQ,272,3.91,107
su9lvIDUN0hUyNFxUnO1wQ,61,3.83,21
aA0WQpDdksKuDafTGzJf_A,161,3.63,36
HM8mOekJ028ck9yfTpldPw,621,3.51,319
Kd8kevUuIZjoAya2TPt_gg,140,3.45,61
xmxPwByeuHXB_AgQrygEmg,186,3.54,151
mPS6ViG9g-drTT_JcFfB3g,62,4.5,38
Jy2idhORehTD1cSW0i5LGQ,290,3.35,60
5IcBhlpb2hlUS_03yDXl_A,122,4.07,105
s2c7-9bqMhjA8POuKIHm8g,894,3.85,465
6VytXlGLnQnXXCrhvT0AJw,1620,4.14,1407
iYYsZ78iPk6H6Q5xukPoXw,522,3.86,601
EFlWUlyNBxuSTEUkFB9RYQ,173,3.95,270
2_up9kL4NQh7KKBY5LI-NA,179,3.07,61
222__RBpLDlZSedZIVYRuQ,40,3.85,13
rqw7sJgTpnGqKOjCGgLoHQ,27,4.26,34
qgbbuhfSkH5_Tna5t9tE-A,278,3.87,76
Qq_fV6NFDnu7sKuScVS5Gg,891,3.83,284
3b2q_BzCDB62LsnUznC49g,464,3.7,121
l7WVc1uTOsGO_OOOZQI1gA,80,3.72,9
maEDOyw7sL9vaCGeKW_iog,110,3.23,289
ds7B6mRJgP18mOvLISZpSg,121,3.98,212
AIzEUJ6GLCBr6AMTmmgsUA,201,3.84,53
P9wmvuch_JmAa0SCfo3gdQ,239,3.89,288
BQ73YHpyADiz-Wf1OQ0EPg,404,3.51,147
YSfAlm6XNaym-JOrRjv3Tg,1627,3.7,2673
k6HN0FE8NC8vV1sZuu0O4g,729,3.58,580
uDgz8pNy--SQm6Ae3uRiFg,698,3.65,625
p5cl1onC4dMDcp3EF30EUA,514,3.6,277
lGF_5chfdvtGHoFwmM6yCQ,343,3.77,233
KrtWvNwJIdYoDkVqWmq9ug,341,3.78,57
IHOCvB0ZZ9_pLx509U3tpw,286,4.56,253
y5kLtH852BrYLJ-GjRXJUQ,282,4.09,269
qvmL6mp-rpIwVguxb5HuvQ,214,3.99,182
sSZf-Xspcmv39uLJs1IOhQ,53,4.07,28
xN-xoLhTHUFfTS_BMGG0xg,667,3.86,808
Nukulm8uVSjn0zMWk_u4IA,232,3.97,1027
HDxvFiJ8MoIuYL-9_HDcKA,10,3.42,174
pI44KNBxtO_BeYM8KVx9BQ,478,3.41,1093
noQDMrmHFSTg8UVz6OtP_g,171,3.7,385
Qb5zbzvIeyWPxtysZKVJFg,657,3.83,2215
Lqd1JqofF8ECev8uuxb3xA,156,3.87,273
uB_o-JpEe3EYCGqdZCnVkw,371,3.71,996
W7ea0SN-6K9ZVlwrhtsxig,284,4.01,326
mFSsnOKwN93wUvVVcOXFBA,44,3.82,33
X4u8wI5u5c0sUjplJ9Ahlg,252,3.27,377
R1uGpm3zUoHagwboPTiFXQ,468,3.71,778
TIU5a6Sqgx51ZcyAnTVKHA,18,4.06,47
9uYtxCQ4y_2j_8ldgsmRaQ,39,3.23,5
SPmBWvuWMmJHUA8yS_PwPA,156,3.9,308
vcJzdFalE62WYvIgLf_1Mg,41,3.68,88
NCg53EdDxLZrVAF2PQppTw,162,4.05,561
fLKbns1B_8AnbRqHFloALw,505,3.72,235
1Idc35tGsgkB3G2ntig0LA,242,3.61,368
QwY_IrZ7Xs4N1ksO6GUBOA,762,3.62,1092
zHWQe2LR1EgRSqvgO-A1ow,1852,3.87,1947
0wYuREI8lQncPuDw5ztWIA,1311,4.13,600
Nd9VeCv885fxyHMMhRM2tg,286,3.8,43
a21yEFhTXEJImb9hGl0JyQ,802,3.98,1468
ZcFB7xOpJufgX9hHPFh9mQ,270,4.07,4311
lO1iq-f75hnPNZkTy3Zerg,40,4.04,488
jOBRMoOtFULuBfLj2Nvn3Q,409,3.88,194
KtUS6HMhgIPHXuwwkwReEw,405,3.63,807
_Idlsaw2hXJN8NtNWamt2Q,886,3.43,371
PsF-A4zQ2n7o1SF6oUNjcw,1486,3.62,214
Tl9hEyzpEdoayOe-VhCV-Q,71,4.04,23
g6TmwkyUY4tquHreLluC2Q,363,3.84,337
QJI9OSEn6ujRCtrX06vs1w,1982,3.61,5840
QnoN3SNip50oBtgjXmfGYQ,256,3.96,198
Br8LOacyANG7nI9r0DRqLQ,361,3.65,725
uzdUXO3OPI2Czt14aUrDvg,127,4.08,166
JtBB1yM9Rcs8S-BBOjAoWQ,241,3.88,71
53-0CIUo-pd5ysfvHXb2yQ,1225,3.97,2752
sBswn4u5KkmMyWVCV8mTrA,1147,3.79,506
Z0xqgGaxDrRd-0HsVIvdAQ,61,4.03,87
FRSoGLPQI16pus03avyaSA,418,4.43,784
O4glTUk1gdXb2kniuFWmLQ,277,3.87,146
LJ8U5ZVnFpF8XNUR7DcUng,570,4.06,721
3h352DEsa-HgjkN2FJsSiA,306,3.7,393
0Ta4CEVdyo0F1BOpSAHYeQ,113,3.26,18
sjXDLpvcrMldagWJJDlBTQ,239,3.83,108
xzZ7qpTuL02S1ZxdFhg3hg,117,4.23,68
4IjzfbO7XKFNWWVufHNhww,759,3.94,297
tfg1Nhwx94Y4GdQHLVawbw,1033,3.56,860
nbCTxeII8DAB__LG-6aU3A,575,3.79,1356
SxY4qXVBMgaTQwEUzkSdFQ,680,4.2,914
hHoigAK81AtqSUtBmkqWjg,205,4.12,306
5Ap91V6vM4wgxgJeCu68-Q,173,3.22,245
sPbvkEuuaafXFLEwYl1Ikw,181,3.93,425
7Ek4da_Btvznc4Q4S0_Bag,440,3.95,158
wCtf5_zG8EpWiBp_Oi7P0g,1697,3.52,2040
XiVlH054UZ3A964ZIrBkPg,431,3.87,1313
WT8aIJxPmLfqex3aLtK75Q,298,3.6,74
Oi1qbcz2m2SnwUeztGYcnQ,1371,3.62,10072
IzJ36jX6V6ky5BtoN-Agng,1861,4.34,5435
BIdFgt_4owlS1VUcTuZ4fA,822,3.71,623
Q8lwG6Lc9w04LyGkfMQ_Lw,467,3.23,729
eUmVXP9UnoWtz9NSBwY4jA,1053,3.94,1043
qKgy1I7PcGTh9hd5ujhPNg,282,3.82,102
KVehpTNCERwMGAx-h9MR-A,488,4.03,2023
r9Wii37p0kEDIUt2e2_LqQ,1506,3.64,1803
M9puGD3VU5FuhE60HklCvg,2400,3.22,3709
NOUfyJW-BAo_-Cbfo8edww,2516,3.62,3031
08gMkDtib8IIWpDUjD40zg,218,3.06,953
hE34xpG35WugHznWf79HfQ,901,3.3,405
ZbOK_2m4kifew3lzTep1yQ,117,3.99,1890
XenvImjIJ4Rj73YlcFZzOw,183,3.45,149
CNdJaOdUjLIceVxhWcMNRA,742,3.87,782
djxnI8Ux8ZYQJhiOQkrRhA,2506,4.15,8858
xLldDRZe1DCTY-05-OIauA,565,3.38,838
U6KBNi5oTnOetfiFsKi2RA,466,4.27,186
Bp9wc211LRKGCUd7rY1J2g,475,3.75,472
0JOY3EZh_BfD_n3MvqWAEA,519,3.72,2713
5rmEJbcwwo5GhTi0AWpqWA,257,4.32,728
zxF7vwh32ccSN3CbCMlalw,563,4,1453
eigZw_Tn4TWJPSZ9UO9Auw,896,3.43,3724
XA6O4iTofM-6Y7Fyq135RQ,238,3.51,354
tipQmXdg181T4NvxrXPjFg,183,3.52,3008
Wu4pMr0hMYFmu59r03exTA,412,3.84,78
mtMRC9XpNOG6pSXF9MyddA,229,3.54,486
tG2iNsxE-UtEpIABOTzE1A,56,3.98,286
QUiEPHClIuOylnxq114P3Q,748,3.94,1291
U4lqV4No16bnXFBQYM_TfQ,102,3.39,62
i5kbTB7cb5KOcuOX6P3Y1g,298,3.72,599
-0SqALqeWmInVftG_iHcHg,820,3.92,925
cVErDLDF4I0N3pikaQzWwA,307,2.81,172
fxr-jszt2bHtFzRK9CWoug,399,3.45,374
MK1H5OCUyPayL_nfSjMm6A,60,3.72,331
CYr-lRWMpeJzSSsjwu1Iog,265,3.75,990
JzmJ6U20uJ9pZonwKGvMuA,529,3.87,341
d4NZ62Jirx_LSik6KGAF3A,167,3.91,152
VgtcRwMPiAEeuPsayXB4kA,2204,3.49,235
_WSEZA4e9KyxF1UBkf7HOw,472,3.96,927
ireQBZTf8BtMH3o9DQemng,73,4.04,41
ZmXQZDV8VwgARJTGGYi6Dg,81,4.51,6
hpw7UrWf51aaWKbaGGJ2hA,698,4,3153
Tw9uWxbjWt0aryDLKuo7iA,192,3.62,21
oW2bCSJ5bIHyRnoZvkHwDg,1680,4.14,605
5Z-3tcM07Pyc4mOF2Rjt6Q,691,3.64,549
WYCv0Q-QIKCSIo8IqOLOfw,561,4.16,656
7RdOWNoN2uwn1L1wJfnQyg,289,3.68,24
bA6sFAZTIc5ddwpnB_WJUw,1104,3.79,426
BKCyaw3fLry1268fwpQeIw,177,3.66,1635
xf_vN-BJHNccH8iUhPu4yg,497,3.87,1860
QjNjVF-ZdWr-P4zUzXwpVA,1249,3.62,628
m07sy7eLtOjVdZ8oN9JKag,5800,3.71,5755
nNsDgAaEbxXw-fPOlIaP-Q,201,3.79,114
p5Pg5yC0tXrTE-mE-rwiKA,516,3.68,511
odq8SUSIT8narMOKlZrg6Q,1334,3.83,288
iW_tVRGLhulr2tEhhq4n4Q,82,3.71,25
ZeiM3Uspn6CUThUBt03JSw,304,3.58,336
4LMErvQTSEx6pXVAXAJaQw,614,3.6,294
j4BMT5Oyrt15-pwK3cRSZw,1948,3.67,753
wky8R89z6jVvPXwrAUYWEw,125,2.92,203
XAlgPQYihaK-r3ZsKNYVcg,390,3.43,772
GuNBz3pAXMxfB2SBd5qeuQ,389,3.79,358
F6WqpBvg8y5vVAFzh3SVsQ,8,3.88,954
irkLTpGy-NJjJDgkqZXC4A,763,4.04,600
B0QGBVCUm54vs_waVzcScA,1083,3.87,478
gCEyrWhpg4NlfQjS-P_YDQ,153,3.73,189
Qa2NoSc6DphQArihBgY9Gg,1030,2.94,743
bXmJD9Xcr8H1wgIkjC1Blw,460,3.47,1062
t5nlOwDHJibXGPFetmrxGg,84,3.82,514
wpr6gw4FnptTrk1CeT8POg,442,3.86,251
4VbB9qS2Xvk-bjAI1bNlGw,197,3.94,2406
hCIAOge9ebt0f8UL1sXCQQ,149,3.69,610
a-CtXGkmHkaaXSvnOLFxOg,209,3.81,334
iChrn349gyWB-8UGyn8a6Q,428,3.72,2170
5hS9juuaN3kTV5f13nfFZQ,271,3.95,510
eVjuXpMouzeO36elsgKlKA,55,4.56,1822
XkdIYdBV5hosuVLBIpwSUg,1475,3.47,890
IkRib6Xs91PPW7pon7VVig,128,3.96,825
cfReeV_yZk0zgzlTA9O-lA,296,3.77,269
D2epirooWNjvwTI6MFhNGw,1758,3.73,787
oWIQMZUltpvohmQ8_zMmyA,64,3.78,701
eXPjio3AjM0gjSyXyCZJmg,230,3.73,131
0vCffWO7AQKdZtoP_9ZTIA,412,3.84,171
23J4vG9_xxxdnmi8CBX7Ng,1674,4.37,3926
Imx61z1uz5Luti90gDjLKQ,755,4.22,847
o5STsEtfvD1Ig0J7Z-1uxA,2469,4.17,6876
cAmd-fttNSq-8zgreIy2YQ,146,3.8,2348
rCx7tb3toOJUsvdOeqYY0g,1217,3.78,2922
K1lkv1Zpnzsl3n08Zv04kg,809,3.77,783
H2WhI7u2Zc-ozPnKBvhWwQ,1144,3.68,1674
Vx-l5rI0xAiN4SeBonrgkw,432,3.56,1319
pSoe4XBftnJiTgG1fPw52g,622,3.52,106
N4K69ZdyU-B8NzVYxwjK0A,824,3.82,1941
JapsODq2leyIn5JTgjOvkQ,503,3.62,623
1UnZiZiuDLYxDmE2uzvB4A,413,3.54,2649
AhODtFiXWo2t6UY9ejhajw,117,3.94,187
v7DwnrjzuTk7pXmuBPZnsg,39,4,112
R-vi4B1lvQFBuC1freQnYQ,180,3.95,169
BujvYvqpupySiAD9ykhXqg,286,3.92,1295
HCP1pR_44Pw5_BiWAp47-Q,613,3.94,2787
M19NwFwAXKRZzt8koF11hQ,1357,3.72,898
9UfSYmV60_a0fQy4gaN3Iw,285,3.16,325
hqojrGeufv6qYpN00R-OsA,1748,3.58,358
OHuhVZepnerS6aQ0-5FnyA,132,4.02,480
FKyQWTe-yrm1tRTRveurkA,441,3.3,155
psvC7bj9A5Sn0NU3QVvE8Q,1910,3.81,613
sCiWf7Kai0t-x25CAz2DEQ,1094,3.65,129
x1paA3aUHJTurbtFkBSOGg,1274,3.32,1591
peuxbSQwXed-81cSqL7Ykw,1590,4.22,6725
HVgEb9rPRk1FGFr4jBLlkQ,22,4.14,23
ilesK4CRarjiblkxUDL_tQ,152,3.93,56
Dd6ElS2Cng3Qag_h4IQC-Q,1850,4.06,1014
XkLK2iBsgqF6mWwDfRgqqQ,1525,3.75,582
Ha_szGjVV6kRm3yEMAzAjg,153,3.54,290
dqTIUYhLjixBSg4-1q0Isw,250,4.04,141
1D5EQITb4hOzPMZT8gDPQQ,359,3.91,134
InF1h_4LvMc9hwRUMDm5QA,864,3.55,491
pgTz-Ds6WvS8qFOsRekG9A,255,3.39,368
wyZKTjhf0WeLeJrcx9mIIg,25,3.64,36
Dt_Y1ktl0TInbFrcBUTvoA,15,4.27,73
yRtajw-lGYoOXdOdfwV9hQ,278,4.2,567
dfYNTBw--CYlZbFz581kYQ,1115,3.95,3739
582iTyqKkoHeBFPMJuQEJw,319,3.88,195
010pekBIqnWFg-wnN0W2HQ,80,4.76,27
6XhkfO98cXccFfD7z0CwBA,255,4.21,519
cvDKJ4CqblAA_egMdLOWvA,125,3.63,104
uYs60IPTrCFXOrq7dUq0_g,38,3.86,15
cDAdfpWUkpP9BB_aW4qjbA,665,3.9,174
gISq6T88eSdZGVzv0OBJkQ,153,3.43,277
O-AjCTkn4DgUlku9LC8kOA,126,2.94,102
nYIH8IHzWp3j33L3qsAz5Q,434,3.69,228
IkFjRnnI5trMcwHHl_1Vrg,187,4.02,285
rEfGTtQXrFavj2bqYT9pBA,101,3.81,15
bG6DkJKwhKMMQ0Z3GSOpmA,589,4,252
nOPhkKDM-0-UfIinPS758g,163,4.09,1103
2bYx8Bdf14SOU3hxydWwrQ,76,4.31,494
Gq5D1V5jwrYPpOxfwM5lag,420,4.15,155
y_BWGD3g703UVq2QzEydPw,323,3.65,180
JxotojpExvYIaT4JZpH9pQ,247,3.88,158
wIs7BiEcGzb2Z7eXWvk1pA,247,3.71,832
6eipwrk2ZjOdvuD6GI-TTw,208,4.17,259
2ky6A9YKsyLs2saA3gjTIA,1439,4.28,2775
JnGtgOPpkjyWOvWM0SYEXg,3614,3.37,3820
Mna2qkfNtyrATmV4A0z3SA,60,4.18,19
rt3PC7WCgCKsoufmQJELfw,1077,3.7,1990
XwbnUSJeDscLDGfe4A1x3Q,436,3.12,109
aJCjOAGLAsA4vJ26Mc99tg,150,3.84,593
H4JNrBAoyCk_ZMZWbAf8OA,607,3.84,491
RKSAHW5KTjmnG7YctaV3GQ,398,4.08,230
zoz_uBglkApjdp48vx3qbg,57,3.45,10
Zl1fJNTzNULZiqBRShxUYA,2349,3.3,1078
PUae25RpLHQyMYISMlulGg,196,4.24,330
QzVLe_5eKc4wy3FoR06q7Q,158,3.69,120
6a-782Y5FXqJ7KGmQtJsSQ,707,3.8,109
nnImk681KaRqUVHlSfZjGQ,1107,3.96,4214
PmTAFPoq3bufn9FVxCWRvA,664,3.69,406
6PEIKIibsT3NkG1THRfJPg,623,3.88,448
ssXAz7RahuYNDx7FeRe4Aw,377,3.84,351
IXAYirFUR2Gs0zNkJi0rXA,292,3.94,381
D2setZ2_pKZ9CWEb0IgrOQ,784,3.69,532
hHCPZz3qXDTo1rX_ZC9ZKA,195,3.53,5422
Xj0O2l0bp633ebmG468aZw,4883,3.73,2445
6JeTO9iBoblsgaH47biypA,450,4.02,151
avQj5fVfA1FD0575MMKjnw,376,3.56,127
P2fXcmsU_vrs4zB2IfsHnQ,831,4.03,336
JXbz8URET4T6SWVrDmKWTA,417,3.39,58
sHvhSltHNhF1QfXXQZtq6Q,15,3.29,486
en5qEaJqGeGTgGri3p8I1w,221,3.47,429
cCwig3OI04K4HdOIXpnl_A,684,3.9,461
7NEmC-Q2Ikx8qG48WnIr2g,22,3.91,17
5dZxPqbXYe4nSP7NKJ78WQ,51,3.63,40
s8gnPnhOzrq41P9nRk6QwA,15,3.33,248
zdeAS4Yh46V-S67TigjPJQ,12,4.25,14
zuiNO-nM-wpP0iH9sbKHuA,14,4.21,2
g6Hll5nzVz4VE-5AcsnIpQ,5,4.4,1
zg23ChWAll3vAo5OGVRPyA,110,3.56,29
XkfnvonaC34N7vumff3Kag,62,4,36
VRjkoVfODSdCtUlUH4dT-A,32,3.58,123
JXnYAfZ2_steQ7En2Zd7Ug,39,3.13,25
sVEBxKJ53qbzyyoK6edXpQ,97,3.58,213
Pf7FI0OukC_CEcCz0ZxoUw,2403,3.93,4255
7tHVXijJa7OlraqMXtE6Gg,66,2.97,57
OSbuXWZqW4iouNTKibaw6w,185,3.51,89
aXBhaplkbJnp7SVjE7Rzeg,68,4.74,31
_5As_24ZISJzSMz2MuCJYA,19,4.21,10
oYdlP2wVAQe4v888k2fMPA,8,2.63,5
lNE27mkxkzt5GcFi2cBU4A,73,3.91,20
CrJlQ1NYEIfmMz5RuUhMvA,227,4.03,81
IWp7diNiU3Gm1vfhhwG5Lw,20,4.3,45
jvjLESkwupvuCp-mLFky0w,11,4.25,15
yVmdLEG5ayP55s_psPoy8Q,62,3.75,65
WqcZsAkwxqOf-hNxLIvRGw,97,3.61,167
kUz4S5fNAL7rRe0fWxm2Sw,286,3.41,225
iubghCLlWAnjQcYNfsMoGg,44,3.18,29
bY_f_34v5aMtw4v7EZ56hw,93,2.98,10
5VQiGL3Kf-jVkOFLU6nuHw,24,3.74,10
80IPs3Dp7b9BHOaFuThmZQ,3,5,27
U4e_S-ZeMWD-vW8sqmGosA,49,3.29,20
cEDMie5DjE_00sJ23H2q9Q,43,4.04,2081
4I365gvkybJrwTMfeBTyIQ,13,4.62,1
Mf2NAhMTiYk0DC0fZjhNMw,341,3.86,113
4Aj9NpdxnT5CHZnn95SlKA,50,3.42,29
i87In5tP4yz3ecqNX216gA,424,3.31,62
6mgYTBGN1Ig2thDBCjmLwQ,965,3.59,134
5WlF0WZAnkDcys9zAcWWPg,256,3.88,278
V2OQaeZvePoGkbZ-Uye6KA,261,3.87,66
FEIO-XNorpnhqVcUiTnpIQ,19,4.1,281
7xQBslu6RxlGJ0ieV_K_Zg,7,4.14,21
UhHVyR5trMvFX2PejfCE7g,15,3.19,2
G2XRG_raVtrrONP4IxF5WA,53,4.48,17
3V_eOrneBc8Y0HmxKys6Yg,58,3.92,10
HEIt7VvXRgEZ83joZ5tAYQ,12,4.4,15
kk8_DEZJTrY3r5rXFtMOdA,59,3.98,10
ALWSjow1qxW4SFFZ0ZNB6Q,94,3.72,186
FXeGf3Zilbx9mz7MqHYjWg,14,4,4
_p7elj3ikr6BrN3eGOIGQg,2,4.5,10
xT_E8R6HYHnROVy9xn1iHQ,3,3.67,4
98v_f4MQhbAK-SKeSATEEg,531,3.82,435
1FLR36RTq0O4dGFkkRgsxQ,255,4.31,52
GXn4ZsasLKh0qZ5g3nIqcQ,631,3.83,577
jJnjdbYxN58dbN6G2XHBPw,96,4.06,29
AJONmAD8t-n1sBoEhxtcGQ,222,3.97,48
mJRM2Osf3yzhsgGnVXxfUg,79,3.76,109
09Zx184-lbV9HZDbyf1y9w,27,3.48,22
PgFnZeFgswXaT4PXUfk0BA,9,3.89,5
2LxlkB5qMnRsT_bNbXJQSQ,56,3.76,48
yYejOVAGn-GUrgA0aeoAAw,76,3.9,31
NBme-VlYIYHP1V5XKPnjcA,5,4.6,1
rqv9mIc9pj9R_b0MIm_fzg,334,4.01,1566
CO2QxY5DxMx3_GQCf7iupA,24,3.25,11
NNgQ8fV5ARQgHw-Ob7l50A,1114,4.04,1843
lewb3h0YkPmPZOIAHDMEhw,11,3.82,127
QruEFNrom_4WjiX38lHIvQ,75,3.9,92
0Ps1BG4XAI2pjlevKziRaw,31,4.05,7
5V7zJZBnz_fyIeHj2fJAzw,15,4.44,8
0UN0AOKhAnoqTdb1teNstQ,253,3.83,118
EsAG-AIdY0vW43yFYcdknQ,18,4.33,5
dECgeYO8lFzdoGztGNiSxw,84,4.4,301
hRphba0u5_HpRFzdL6ZUyA,22,4.36,3
TG_gLW1vjfYu6MUI9Fse-g,203,4.13,96
4bSxhU_Q3YFly68-SbjL6g,18,3.33,82
H61_FwHirFHI-Atk8MUxig,13,2.85,9
DdL05_4_wVQG4VtfrRhWYw,212,3.84,489
q9LLZhSLAgGQB5iuaWNPqQ,149,3.69,23
tGgTIueZy1JNTzQD9rkZLQ,1190,3.58,1454
vJlj0OGw-zieXSzJZyVv9w,36,3.89,147
JlXG_EfWY7HZJAA1Wd2b3g,279,3.53,614
iYzbRy7B_Ho3NX-1rXvRLQ,586,3.89,1090
qVCGzJCDnjwut1dnHef2Og,700,4.24,1597
HDHA_fJ0p60lHqVl3-vkug,134,3.93,200
5AI3qMKbIRFSjPebe0tFOQ,116,4.18,13
1g_ajkmxzivqpY8E9s9sgQ,644,3.94,197
Ci2FtyUgZnnNi0y6-tRYEA,1048,3.84,667
ikdLkEDRE1vV5oQVPC2f2Q,368,3.86,3812
rwNO7Ru33qDe-7FNQhs2Hg,277,3.74,320
HsTEfv2QiJBI1VclnVsxnQ,736,3.48,421
dIQnYbjf-rTxn5dQoRr0bg,1079,3.8,668
TYRmBtQs7DCHFPr6jGfsxg,124,3.22,1089
bBbdNye7PPMqjdExdA5stQ,216,3.99,253
lMw8vOWkPXmA1vTr8iOmhQ,57,3.86,17
3NeOtBVzXcERn4W7fYNHFg,20,3.65,37
q0EWqwiZqtaEznhRUlWe1Q,22,4.09,12
hoMBme2S49DlFdL4BkLDuA,8,4.88,201
7icOSSE7UDOOi3dNe2-KrA,12,4.47,4
9CPjldVBiMLPEkggSUzOpQ,45,2.79,12
LYKp6znYQovkQrFpi6ZCXg,49,4.02,476
fnfUKBqLni5rK51g5_mTFA,35,4.33,659
ZeLCcXda3FQZMwXPu30uMw,9,3.67,182
WboJldF1eMr4FI9WWtlHDw,12,4.42,220
kE0RXFqknRy2JOu2o0UVaQ,18,3.94,72
wHrIy02OYTKYT1YdxPjhwg,255,3.51,1387
LLqAoLOOZu35wdI1QU9VlA,370,3.83,22
Mnhb1r_eiqSatYqqwghNAQ,42,4.37,127
A1s0L-5K8x1LPu3Iodt0Xw,248,3.99,560
V7G6dHR2UJ2TGSsmHGN2ug,23,4.17,117
Jm3XF8wHt88rwm-EQ8IdiQ,96,3.37,52
BLrrlNdaU3fOXpcbcbE4Aw,523,3.8,216
7FXOaVtsC0gATBRFKZ-tWw,166,3.96,149
r1i9hXm-93k34VbzpvtbXw,383,3.79,309
qUGMYSGV24KD8QFCdGGIlQ,647,3.81,3982
3VitMhqEwocGGE7fgwBPsg,101,4.11,26
_XFhTYX3wS0ftGc9u4pLqw,209,3.51,204
M-yiinJhbWfxl8kNtCm0rw,332,3.2,216
upxAx_VGYSjRBdRDn-zClQ,180,3.48,156
KxrKVxdXGkfMJ9XwJZzoLQ,950,3.81,168
IU86PZPgTDCFwJEuAg2j7g,2240,4.17,9217
AUOb8U2Wa31Z2DThPpvAgg,248,3.89,872
pVJ3WrBmGRz4Lwbs0BYb0A,200,3.8,27
_yS8hvlOf9B48h_qgyd0CQ,130,3.78,259
lzd1pUgb_41Ck0AGDEphoA,242,4.15,20
DfcdoGzz39FBS6o8U7ZyOQ,221,3.76,35
y9NDCsYyKj8c2ROq_35_hQ,433,3.44,457
N3CjnVNnIb1djqXPjhI4uw,221,3.29,718
RZUGrWB5EiNwaXHi6ZH7fw,317,3.37,434
xFbvPljRiYopjLF6G37Xfw,819,3.98,253
jZaW5XEiEuZo_JhpxMBDSQ,855,4.22,406
TA5f9rpPGllhrjhIor8jNA,553,4.04,260
IVNSQ_9l5DmT1Ak80yPVjg,143,3.61,238
MGPQVLsODMm9ZtYQW-g_OA,1807,4.06,6139
4Xuz7Smt4qz1G8gfDwskig,311,3.85,82
yjWcRKgXl8uhV8i__atD5w,114,3.54,280
LuYyBXugNn_8MFc8RNH-nA,5,2.4,178
N7yBkW2r0DqKd-iXuiQb8w,25,4.16,638
NFMQnek3QlRl98j9fJqjiw,53,3.48,37
YgPtEB2ZmWNaLjqo1r0vww,67,3.71,210
xzk-IgmL0steIuZ6QKLZcQ,204,3.56,67
ci4HYJY-yDbOA4Ge7sXHEw,358,4.16,544
EJbYRuJ_lN-QQas_kaGliQ,21,3.68,208
eT3hcLyfeVotNHK_mT0mCg,142,4.27,355
mIokzFBxEjeSFjr8z5p_tQ,7,2.57,189
mdomN45qM_A6hh5mTHTAbw,4,2.33,330
glOULtDO3bCJjjanHm7mFA,15,4.27,723
34eTedjiD4UPC-g0prFmQQ,17,4.29,472
G1CGVZK-9AmMpBsS-CpzGQ,35,2.85,299
t66kZk7ZRyCZ7k9dNH75wQ,42,4.51,598
Rr9FnFduD2baxdMmCOcfMA,142,3.95,354
IAIPdknZ4ZI3_vSkusakPQ,17,4.84,369
5bpdBFWzWFMKvfjaCHcpww,72,3.81,18
39wLHl_FGN3_fWYn1JOC1g,195,4.56,535
SzYykSMoEwSSh8I9_kS00Q,3,3.67,124
mRJUopHxaSy1yt3uo6m0Cw,148,3.6,152
o9GJW0Wp_0ygI9-h5txVTw,22,4.28,211
7bymkn2vy7QV2ry9TDWraw,61,2.98,38
VL1rc0FJFxrZqFMdVsveGw,115,3.32,25
oZ8c350YN4y36XM453OByQ,38,3.4,174
CDlnzDBknZHaL8T3fwVaig,841,3.29,568
F2reG_2MmxliaRK2fVaO5w,40,3.78,189
_Z-NRqMZmGFhpCnxiNPamg,8,4.89,38
gjhzKWsqCIrpEd9pevbKZw,3199,3.84,4457
0F-LQEp0fMDiKMIOrBI9tA,12,4.31,6
xxfhs5y1LQLCqMFha8MvFA,84,3.84,36
_i3uTqtUfyVZDryKzUGGiw,643,3.52,133
Iim-qsMPvynSQNY22BoMlg,31,3.46,673
ITa3vh5ERI90G_WP4SmGUQ,3193,4.01,6417
xfRmVm8Gj4QSdlFvimsLlw,23,3.88,48
nkN_do3fJ9xekchVC-v68A,1366,3.7,6849
RzR-MINeNKB-yOzhs59IHA,4,4,17
TLElemg3o3mlA4GGpupNiQ,875,3.99,2102
yGapqGSj3puwrdeLK-IqJQ,105,3.5,117
VkO8WvvirSTiQK0ustaTNA,40,4.15,32
FnYQw2Bb2CdpoArgf9-Scg,25,4.86,1875
ZrLjXdfDlmcTwhZ9zTryuQ,65,4.11,71
77yYWUD7hvvrHIXiGSR8yA,83,4.18,61
oxRXJVvo-I0ZxTl44jsdrw,48,4.06,161
F8qWJa2VQxocRzIM3pOr_g,65,3.96,116
B1fgU2gqlmq8n32IPqzU1w,25,3.84,63
2yWGBmJo2BN9qWFJCq4Fjg,3,3.33,323
EEgnxx_3RcD2WJn_X6KIJQ,19,3.89,72
AKXqbuifvfvNEpr3Qs51hQ,380,3.45,219
rM3X0j11PlPcOO_nRj1tuQ,16,5,23
0rjfUeMGOxWe3Fm3dCihYg,29,3.73,145
wS10oJExYmBlUNAXJt4Ztw,189,3.63,186
vorr18kWzjXkK7bhY_B46g,72,3.53,522
19uBC840gZ-BrIfI3Fae4w,194,3.87,268
O-IKKpV-DC4cH4KbaO9qtw,74,4.12,597
HxSyT6jS3LDK-UAlPMywVQ,16,4.31,154
nUVRCYRBlSqn4ig7grPTBA,8,4.27,128
ZMICZfPAg5OTC3rq_9FF7Q,107,3.61,101
1pYaKw-hSbi9pHP06TJzNg,585,3.93,203
KGgGCHZtZNMpqF7OytwngQ,105,4.19,280
SuIL3EEMAD20TZLWmF7nQw,69,4.61,265
PFxKOxoUEZnmRYH5YSWGDA,19,4.47,126
9PR_57hNvD_pNlpfHfOibQ,71,3.86,655
lowGAevveoSVGbqGwYgdUw,196,3.92,101
DkifKRPhR8l9pmfmRzmFbg,67,3.89,334
sXhGLvb7dIYBrzDh4s5UnA,315,3.76,158
xIi1whPhlngewfOSTv_PMQ,392,4.04,470
7KnLMwVAi1DMrqHaod9jmg,354,4.17,188
GB3qwSzhx2d8DmDSImBWdg,154,3.15,202
E_9WOCYIGHtT2nbcY4_t4w,891,3.81,175
lui2HsPFa18Q7oBtx6n1Sw,34,3.68,75
cG5l8teICW5NRtRJ0GpMww,228,3.88,777
ConmOLnkXldBGYOhQjtxBw,24,4.31,236
su9S38yyH2Pv57ik5EMGFA,12,4.33,51
Nk1Lqs8bJDvth5h5c4YSkw,32,3.42,345
Cw--kFEWAkhTyMAQQ_pUVA,46,4.06,191
3mC8dlbOx3ua1YtWpHeelA,23,4.5,300
5kPHiB5oOgmWtJ1x2zoZzQ,25,3.78,167
xpQpECbeuFmJtjgCECKAtg,278,3.97,690
sPblWEr4arVKXiIJik2JOQ,3,4.33,8
7an-zIbFKvGxjpeNN9H9ow,398,3.94,5933
TGeIzTdHVvc8qH_KQt8y-Q,119,4.02,136
7Ec68uItxHt14RX8a1IbbQ,243,4.53,293
mvK1pv-x0Z5rP4Hz9cWBWw,1672,3.89,5902
gSNYcNNzeSstbK8Ew1uo8A,100,3.55,493
Ual9MGgQKrZIWrRMPyYq6w,142,3.69,874
CPUo5VLVWNSNASEVMjJhDw,204,3.96,1050
9yMNs2fID0X_8J1dKXJXVQ,9,3.56,248
VTR-U9JZ4PdLqqJm2gJ5mw,525,4.39,5240
tdYCJ6AcXwhTgD35PXtQkg,69,4.43,98
GeNa6ZXkSiSeuOD-w1R9KQ,12,3.88,48
deW6bGZDChkK936f9g3ArA,12,4.92,90
fcNMQjIkMmFOVaXBi6acgg,21,4.13,74
bZpdZtzPSJ07EbEyxgpDbA,6,4.29,45
kxXldrFVqPQyIvaSmk2K8g,2,2.5,344
UdrgBUCJg4YwdyQtHqKMjw,4,5,124
m-t5t0Hud1lFh4HwG6o3sg,2,5,232
fGRrXAMr3djOLXhjjnDjTA,20,3.45,180
gI_N7uZnoawhiE1kxiSvoA,22,4.33,281
6p36W9GQAoKUMGlnkJaotQ,201,3.08,155
O-E-PxX6rm2RPGN6_ayzcQ,12,4.33,1066
PagS7ObYC1IY8jaZISQDxQ,14,3.8,271
1PJ-RjMqXHeymSkLRzuIdA,1556,3.05,413
uwpWqMOl-tVpBVFH2hfcng,23,3.15,66
fGgRTgm7aaXI6pnBG7Z48w,72,4.11,416
NrCzwcvmkKR-b4gNehV8Sg,809,3.85,129
FVjmJWsjzed0yDGlOB0QqA,475,3.47,768
wiL0QF2Zg3vNDiLsKixGGQ,4,4,57
epcif7RR45Erfp7gZ8uhQQ,134,3.96,359
rkflAeoDFEUguQdsTbizuQ,66,3.19,127
LPdlUr5ot4TpwmPgyclLWA,63,3.92,102
TDXV6AC5PYOZEyN9eeODfA,631,3.68,420
rt3Qc8y3wJInt7IykrOLzw,39,3.33,78
BVieUWVwGeCTHl8EspgFVg,270,3.98,252
itZpXOXJoLLEGJxL_17aig,506,3.48,410
aEGy13uGCMQVf00QZYn1Vw,439,3.93,323
W3KasfmypfX0UiolENaaHw,462,3.95,300
iwPxnIkymn9WU1ABXrMSXQ,10,4.64,271
Kn-LYJ4QyAE-TYXw20kFYw,8,4.13,391
EJ5xhqDVQ8zA8_u0qOYS-A,31,4.41,143
8M6suLprYcMngrJjhYl_lw,892,3.74,876
jpXQrr0NDKHESRUkZg1uHw,24,4.21,84
XTbeTol3QEl_Bt9Joux-fg,21,3.65,85
KM1Yb8-PCIvH628nQwfE6w,123,4.22,1033
aD6yLgXti9ZbGYy7CEsQVA,11,4.82,257
81Mjbnt5wCmGld6jUCgMDw,267,3.76,115
bSFYcvwXPnWr3ejoU7_2Nw,27,4.75,114
65jje2aa_Ykp8vhRPFdljQ,94,4.14,1542
WVgU1TPekH9xzPF8O1Zr7Q,39,4.75,299
CYF6tvk2hAB_Jf7sr9s9NA,6,3.67,127
526xgcMWf1P9BtCtohZaJw,106,4.21,459
Je5K_3rCJUUqOgnnIqFe2A,218,3.79,138
GAsg9b1XXhEnBr6NX69QMA,5,2.4,490
srn_5m4FyZD4qVRxyuytKQ,22,4.09,64
oVH2FNeJ6Mk4nwxeZAlTMQ,29,4.67,221
5DPerz7v7BEDfqlJWefsog,3,4.33,2
av4eStqAZccUx-RjvryEuQ,47,4.39,479
F1wqBFd-IWBOiBpXT4gFJg,3,5,48
f2bkxwZo70jaI4kieoOH1g,4,4.5,124
iv32MtLq1LAeRILDSLTqVw,7,4.43,26
STZzLPZkQ5FUVjlw8ztLVg,13,4.69,44
NZuDnaAncG1SsgWE0-edFA,19,4.7,442
O_I8G_Bc4i1ME5woNKxM7A,40,4.15,85
MZy7r9bYTs2ZjfMhhXReyQ,2,5,40
MEPU4UFqTtyPrppiXtJeYg,1,4,8
RqaM_8Z6hNKuO5fshnqiYw,11,4.64,4
kkT2hjZ_TO-1yKdU2y0vKw,95,3.58,409
DDIRHrbpVTGmm-C1An-rhg,43,4.65,647
SlD59c0bw50yIjOXYCHdug,16,4,496
O78n8_SLk_wVT2pOJe735Q,148,4.64,122
0ggNZUAZu6nNfWDkP46U-w,17,4.06,802
F3Rp3klAV4P778aaEdP_Uw,2,5,598
5mB5hOFKtM9YCs-Yytl9Lg,57,4.39,464
7iUgjbZrz8P9ma6fHVhcAw,10,4.2,17
xEwzUbict8Qq-gJapWsrAA,100,3.61,393
m2R7pydiZ7vezHD-oZt6-g,248,3.99,1723
Roz_A6b4MQ-2i2AX_VjY7g,21,4,223
Dv_grKVs9WSMU7OG3fWUkg,17,3.68,106
t3awSlluF7Du9EF8tFqM2Q,11,3.42,6
LSD_0X5i4ZEsZF5j8FABKQ,14,3.94,259
uo_wAOt6bZKUhzZ53FkQew,59,4.77,231
Wz9ueaH4qhXS__Vb6PjqMA,109,3.86,90
XeUv3Rhu6zKexervUhoV4A,9,3.89,171
ucqyT9awaDkRtEdL6C_-Mg,13,4.87,332
nmj9Lc0Wz9cVjZ1wPhqVdw,66,4.48,183
sZzAG_X6gMQTLRBjy7b3ag,169,4.67,1767
3MNRbvX3Ic1L5I4Knus5Pg,9,4.82,579
qiTj9hFXpyhqncBQox66kQ,29,2.66,323