Node1,Node2
E9kcWJdJUHuTKfQurPljwA,y2GyxJF5VQWohxgw_GR7Jw
E9kcWJdJUHuTKfQurPljwA,3zxy3LVBV3ttxoYbY4rQ8A
E9kcWJdJUHuTKfQurPljwA,PgkpCBDHtDvNPMULHO2b2A
E9kcWJdJUHuTKfQurPljwA,nuQHNRSggMsvI9BK-gMYgA
E9kcWJdJUHuTKfQurPljwA,BP0Hh7iA-oAMwOjLyqvhoQ
E9kcWJdJUHuTKfQurPljwA,ceHr_dfChpybjiPd3IhbtQ
E9kcWJdJUHuTKfQurPljwA,3YRIaEjOPoBEz4xoXaJ1jQ
E9kcWJdJUHuTKfQurPljwA,Mt97wbFODa3DnUAtfDhSTQ
E9kcWJdJUHuTKfQurPljwA,pRAG05KXr_mZY0gzKAwAPw
E9kcWJdJUHuTKfQurPljwA,HzeVbLwHoWdNGA1IYWJ-nw
E9kcWJdJUHuTKfQurPljwA,CQUDh80m48xnzUkx-X5NAw
E9kcWJdJUHuTKfQurPljwA,5fkoav7AvFML3ljk5gA1Jw
E9kcWJdJUHuTKfQurPljwA,0fcXVDi6zmRYs7t3hTpYkQ
E9kcWJdJUHuTKfQurPljwA,yzBOmxx_TrTr2hMBExXziQ
E9kcWJdJUHuTKfQurPljwA,5eKI5IE1LhtzUzE_DDWc8A
y2GyxJF5VQWohxgw_GR7Jw,h8_Mzh_ndxFwxQgLZsRs9w
y2GyxJF5VQWohxgw_GR7Jw,xpMrwPMb6i3nn60m8epz2w
y2GyxJF5VQWohxgw_GR7Jw,5tXRxr4T24Awl7vjyCvIcQ
y2GyxJF5VQWohxgw_GR7Jw,HP4yLoHhIEhWFKnl6d5KiQ
y2GyxJF5VQWohxgw_GR7Jw,E9kcWJdJUHuTKfQurPljwA
y2GyxJF5VQWohxgw_GR7Jw,A7cl9FfREOTi0Uy-AT1r5g
3zxy3LVBV3ttxoYbY4rQ8A,RtUkSBvInr8mi6-I-PQWoA
3zxy3LVBV3ttxoYbY4rQ8A,rcU7ysY41qGppbw4pQgjqg
3zxy3LVBV3ttxoYbY4rQ8A,BDgDYTYBZfT_315zBn-PGw
3zxy3LVBV3ttxoYbY4rQ8A,RPv7ucQhFpBG4GcOg1U6jg
3zxy3LVBV3ttxoYbY4rQ8A,su2vi_acXasaabF31YExDg
3zxy3LVBV3ttxoYbY4rQ8A,UQJl2MT-xhwNLcpVk6ypqg
3zxy3LVBV3ttxoYbY4rQ8A,t-DETbgjhVlzbInvh45fzQ
3zxy3LVBV3ttxoYbY4rQ8A,2t_-Ohon40Y0BBsjsbYA_A
3zxy3LVBV3ttxoYbY4rQ8A,bFi7fAIz1_gmO2lml7H8Tg
3zxy3LVBV3ttxoYbY4rQ8A,2KvJwXhl7Y8z7q0ntFoxgA
3zxy3LVBV3ttxoYbY4rQ8A,ET8n-r7glWYqZhuR6GcdNw
3zxy3LVBV3ttxoYbY4rQ8A,hbF4aqmist0FxWpD7YhmNQ
3zxy3LVBV3ttxoYbY4rQ8A,K175l53A-ciYnt0xS_V4CQ
3zxy3LVBV3ttxoYbY4rQ8A,BXccVzOSil0hyKL24DTUHQ
3zxy3LVBV3ttxoYbY4rQ8A,wb2I6PxYjRStE7OGLL4S7A
3zxy3LVBV3ttxoYbY4rQ8A,om5ZiponkpRqUNa3pVPiRg
3zxy3LVBV3ttxoYbY4rQ8A,ELvPJooHTxyaAcyDP1VnEA
3zxy3LVBV3ttxoYbY4rQ8A,8w6GVGNi6DRqH4MZnxY4Zw
3zxy3LVBV3ttxoYbY4rQ8A,bdNPDTSk1abuB3S_74xu3A
3zxy3LVBV3ttxoYbY4rQ8A,jN0Tn-LA-BkfNcj1P2Mezg
3zxy3LVBV3ttxoYbY4rQ8A,gCR6o3H7wDOvX2HkttCBPQ
3zxy3LVBV3ttxoYbY4rQ8A,HpgDCyQGSR0TzYi00-wLew
PgkpCBDHtDvNPMULHO2b2A,91MuXft5Wi8BI5JJtVCMdQ
PgkpCBDHtDvNPMULHO2b2A,1nWwwKZ3dBKdyH0V2weWOw
PgkpCBDHtDvNPMULHO2b2A,Y1q1tQV-MRmNmXg59PPVuA
PgkpCBDHtDvNPMULHO2b2A,QSvpkvK_ab7gMMeJFlFdDA
PgkpCBDHtDvNPMULHO2b2A,CQUDh80m48xnzUkx-X5NAw
PgkpCBDHtDvNPMULHO2b2A,E9kcWJdJUHuTKfQurPljwA
PgkpCBDHtDvNPMULHO2b2A,_DTH_j6k6iv1QM5H1Cv7Ew
PgkpCBDHtDvNPMULHO2b2A,rdjGugp_bcHecvS2cHzl6Q
PgkpCBDHtDvNPMULHO2b2A,HqXlzjw0SjcrywTV3ppbNg
PgkpCBDHtDvNPMULHO2b2A,iwot8dXs1kNCb5aHH9ML_w
PgkpCBDHtDvNPMULHO2b2A,e59ON8Pd_mWPfiIHjTpd2w
PgkpCBDHtDvNPMULHO2b2A,hc_saqEuADO_E1HXRBdbmQ
PgkpCBDHtDvNPMULHO2b2A,G8B3AbJ0IGWnvx0JAZSQzQ
PgkpCBDHtDvNPMULHO2b2A,ZwTz6lxgS9q3vb_uzH8xkQ
PgkpCBDHtDvNPMULHO2b2A,GFyA9ULGAeD-xZEPto2y7A
PgkpCBDHtDvNPMULHO2b2A,qi-UXjyWyJt2qq2CEC-Wfg
PgkpCBDHtDvNPMULHO2b2A,rsVLUphOQsooFcd-Y8KXRg
PgkpCBDHtDvNPMULHO2b2A,EvCh4wSw_n_WmCRoP-Cyxw
PgkpCBDHtDvNPMULHO2b2A,zJedPBPEPlzd9U5veaZtJA
PgkpCBDHtDvNPMULHO2b2A,3zxy3LVBV3ttxoYbY4rQ8A
nuQHNRSggMsvI9BK-gMYgA,RgghGNPfug6D3yu_xaezrw
nuQHNRSggMsvI9BK-gMYgA,Y1q1tQV-MRmNmXg59PPVuA
nuQHNRSggMsvI9BK-gMYgA,EIwNqeBDMQ4Q6k0DQ30SyA
nuQHNRSggMsvI9BK-gMYgA,DvWM62NWf2MV1EpN7T8S1A
nuQHNRSggMsvI9BK-gMYgA,-3WDAOZFrQkXh7kB_PcVgw
nuQHNRSggMsvI9BK-gMYgA,e-wEAZahjabaGmHstwatEg
nuQHNRSggMsvI9BK-gMYgA,Eq--9jeNDdOT9LZSNsVyGA
nuQHNRSggMsvI9BK-gMYgA,T7x7M9xhScyFx1tnawzDOQ
nuQHNRSggMsvI9BK-gMYgA,3CzuOl-nZQsk_brwy-LStw
nuQHNRSggMsvI9BK-gMYgA,EvCh4wSw_n_WmCRoP-Cyxw
nuQHNRSggMsvI9BK-gMYgA,vXCi4JXoLfy_WZWsbHHOug
nuQHNRSggMsvI9BK-gMYgA,oDgFJv85M22F26LESCxAWA
nuQHNRSggMsvI9BK-gMYgA,ELvPJooHTxyaAcyDP1VnEA
nuQHNRSggMsvI9BK-gMYgA,3zxy3LVBV3ttxoYbY4rQ8A
nuQHNRSggMsvI9BK-gMYgA,CQUDh80m48xnzUkx-X5NAw
nuQHNRSggMsvI9BK-gMYgA,pLlRrcoDrzX7QSlTTcG0ow
nuQHNRSggMsvI9BK-gMYgA,1TC5reWTNXrMHCynBAfH9w
BP0Hh7iA-oAMwOjLyqvhoQ,wh4_AwDV2NSsZ-LEmNWffg
BP0Hh7iA-oAMwOjLyqvhoQ,F8ARbbJ21OZCJdeBbUMT7Q
BP0Hh7iA-oAMwOjLyqvhoQ,ZX2fsVaCYP4j5A8jFW2GUw
BP0Hh7iA-oAMwOjLyqvhoQ,pUlRJvxiMDPN0NvzyUsXBA
BP0Hh7iA-oAMwOjLyqvhoQ,E9kcWJdJUHuTKfQurPljwA
BP0Hh7iA-oAMwOjLyqvhoQ,mMFutTXrPmLZcnDjSK6MNw
BP0Hh7iA-oAMwOjLyqvhoQ,0LdY1CcGhbu-rCJq0g5FfA
ceHr_dfChpybjiPd3IhbtQ,my2QdiHb5c9i67otCSL-bA
ceHr_dfChpybjiPd3IhbtQ,Y5oH9VlzH0IfhCQ3SSESoQ
ceHr_dfChpybjiPd3IhbtQ,LcaoMdHq-gO3FHejfooGpA
ceHr_dfChpybjiPd3IhbtQ,DJaQV3r153ZsBQArxAPl8g
ceHr_dfChpybjiPd3IhbtQ,0E-IU4qDXps1MHQhNZx6vA
ceHr_dfChpybjiPd3IhbtQ,WT1kawqQ43mXUNS2xL3Iyg
ceHr_dfChpybjiPd3IhbtQ,LRqQiuBvA4TDyyCtbeGjDQ
ceHr_dfChpybjiPd3IhbtQ,HzoQKKHDq9BI37dyJAAtGA
ceHr_dfChpybjiPd3IhbtQ,syvwUKQJ4OYfmL_ixVLMeQ
ceHr_dfChpybjiPd3IhbtQ,y8jJV4AeH6ZEBagQ_ys8KQ
ceHr_dfChpybjiPd3IhbtQ,Fr-rSVcHBq09MrvviJ1-hg
ceHr_dfChpybjiPd3IhbtQ,b1GrLfhmXk6aDsA18LvEXw
ceHr_dfChpybjiPd3IhbtQ,8Zocr6jVED5JQEBvqwEBZw
ceHr_dfChpybjiPd3IhbtQ,y8eBNwZy-bDxAlMxc2t7FQ
ceHr_dfChpybjiPd3IhbtQ,EHhWhy5qvPo4Y5wrEK6PpQ
ceHr_dfChpybjiPd3IhbtQ,wFamDbjhhY_myRb4dUEwoA
ceHr_dfChpybjiPd3IhbtQ,ZOxi5gyacIAfSjWjeIRjbQ
ceHr_dfChpybjiPd3IhbtQ,AoG7mVduUL7qQtjjFbtCOw
ceHr_dfChpybjiPd3IhbtQ,NRGJ4IvauajqqCbhT640cw
ceHr_dfChpybjiPd3IhbtQ,xfOL8hHndEL7uJ-Pid9Cgg
ceHr_dfChpybjiPd3IhbtQ,bs2CWYy9UFMjkK-oIJGNaA
ceHr_dfChpybjiPd3IhbtQ,ypnn6O0fFRDlHrMYOEUDBw
ceHr_dfChpybjiPd3IhbtQ,WX1k1QLhG6_kmbK-R2YQiQ
ceHr_dfChpybjiPd3IhbtQ,zFkD4hdNOErATPKgiRPc4g
ceHr_dfChpybjiPd3IhbtQ,QEOj5yViIq2SmylKt6o_5g
ceHr_dfChpybjiPd3IhbtQ,TXZRfbmCPe8z5LwKEVGASA
ceHr_dfChpybjiPd3IhbtQ,UwmtWzBdbi4AAJiuBrXrQA
ceHr_dfChpybjiPd3IhbtQ,K6Z1NU_ofX4yiUqWtV1jNA
ceHr_dfChpybjiPd3IhbtQ,fQuLe-KuojSco4DRbcFpGw
ceHr_dfChpybjiPd3IhbtQ,XkdIYdBV5hosuVLBIpwSUg
ceHr_dfChpybjiPd3IhbtQ,sLvjyCJhgKwgRoYGcB0uWw
ceHr_dfChpybjiPd3IhbtQ,lupK6fEilbMRFlAEF7R9LQ
ceHr_dfChpybjiPd3IhbtQ,B_T4fv0GlGcZLDpchBX-0g
ceHr_dfChpybjiPd3IhbtQ,WuGrrM__qrTHal6fkr9rZg
ceHr_dfChpybjiPd3IhbtQ,wZPizeBxMAyOSl0M0zuCjg
ceHr_dfChpybjiPd3IhbtQ,7kPR3NAhl72EGbUU1h9FOw
ceHr_dfChpybjiPd3IhbtQ,NOmAy-MwUgr_v8dwKBAJNw
ceHr_dfChpybjiPd3IhbtQ,GaLpIsLKnSq26WYCv81kIw
ceHr_dfChpybjiPd3IhbtQ,wlVel4SSLJ_tji4sWYsCeg
ceHr_dfChpybjiPd3IhbtQ,i9NUpbJwjgFx5eynO_-UBw
ceHr_dfChpybjiPd3IhbtQ,o0exBsBaHnS4O9SHjwwpOQ
ceHr_dfChpybjiPd3IhbtQ,TC2yjZCqE3F2ElZhsQ4Qnw
ceHr_dfChpybjiPd3IhbtQ,Mvs4_S_Klo-aiR12keyAYQ
ceHr_dfChpybjiPd3IhbtQ,rrHqnO9frE_xjHK9gaiz0w
ceHr_dfChpybjiPd3IhbtQ,xq8MehjzMhUEl33Eun4OCw
ceHr_dfChpybjiPd3IhbtQ,LB_dvaFy7Iv8RdLv4POYPQ
ceHr_dfChpybjiPd3IhbtQ,klV8OmU4eK_oPI98oalfPg
3YRIaEjOPoBEz4xoXaJ1jQ,CQUDh80m48xnzUkx-X5NAw
3YRIaEjOPoBEz4xoXaJ1jQ,snx2PwY6KL1BbhttnR-7bw
3YRIaEjOPoBEz4xoXaJ1jQ,ou7z4su1Hd89zUYwp7YnTg
3YRIaEjOPoBEz4xoXaJ1jQ,kjqtKg38NwHAeaq5Fjc5CA
3YRIaEjOPoBEz4xoXaJ1jQ,12mi9v_hM8Pj94WogGUy6w
3YRIaEjOPoBEz4xoXaJ1jQ,hMY0wsj3VxOaBixV_6YnuA
3YRIaEjOPoBEz4xoXaJ1jQ,09BVSK2BeCopebFI6plOIQ
3YRIaEjOPoBEz4xoXaJ1jQ,rfS4b-kkaYYjMlWF5wal5Q
3YRIaEjOPoBEz4xoXaJ1jQ,LrkuATjnUC7i62ExOXmGcw
3YRIaEjOPoBEz4xoXaJ1jQ,YEiJOtOBBRKEpRuvZNA9Cg
3YRIaEjOPoBEz4xoXaJ1jQ,itIGJSKrjSBDu0g858740A
3YRIaEjOPoBEz4xoXaJ1jQ,O3e3Us8ivJtzxoGcf8644g
3YRIaEjOPoBEz4xoXaJ1jQ,Ij7OcAO5FpoNKxS1RzNoWw
3YRIaEjOPoBEz4xoXaJ1jQ,Z8MQ8HXITQj0715Nmia2yQ
3YRIaEjOPoBEz4xoXaJ1jQ,1XKkskqPfxUytSnCK77s-Q
3YRIaEjOPoBEz4xoXaJ1jQ,0CnSJjlidjwdkP_w500SCQ
3YRIaEjOPoBEz4xoXaJ1jQ,9_iMgkDKw4HnPKsC4Sv-ZA
3YRIaEjOPoBEz4xoXaJ1jQ,aP1NDRrVlxJOtL7aYJqUzA
3YRIaEjOPoBEz4xoXaJ1jQ,cufhYFdyrUAt4SWe-m0grQ
3YRIaEjOPoBEz4xoXaJ1jQ,t-rk28ZugyjteLq7m-_0-A
3YRIaEjOPoBEz4xoXaJ1jQ,rSsbCUYJpw0mkqZ-Hwlj3Q
3YRIaEjOPoBEz4xoXaJ1jQ,bdenOEWX0Y1Yld5qNQ1QKA
3YRIaEjOPoBEz4xoXaJ1jQ,glCPfEqLkikL3vFmBcQfTg
3YRIaEjOPoBEz4xoXaJ1jQ,HYomiwV5G2AJZ9hDnk7zdQ
3YRIaEjOPoBEz4xoXaJ1jQ,jggF6VEdSdpCX1AObGZ35A
3YRIaEjOPoBEz4xoXaJ1jQ,s1t-N7hhU-6ThJeQPVuOJQ
3YRIaEjOPoBEz4xoXaJ1jQ,JyzLjUFEIW3epNlHI6Oa6Q
3YRIaEjOPoBEz4xoXaJ1jQ,Yk1qDXboMQsOztKFdxQHxA
3YRIaEjOPoBEz4xoXaJ1jQ,9z87JubGpLEvl5nYRyXB2Q
Mt97wbFODa3DnUAtfDhSTQ,81_lyihbg-M2QpmJ9g3WAQ
Mt97wbFODa3DnUAtfDhSTQ,5O0ejMUB7XHzyTf1rLu2zQ
Mt97wbFODa3DnUAtfDhSTQ,fbMQVUPZ8vmGKTV_qX0cag
Mt97wbFODa3DnUAtfDhSTQ,N_6H7vYq2eoZDOh13-m-MQ
Mt97wbFODa3DnUAtfDhSTQ,2JUW4ay9IEcJSxMDSm-HBQ
Mt97wbFODa3DnUAtfDhSTQ,E9kcWJdJUHuTKfQurPljwA
Mt97wbFODa3DnUAtfDhSTQ,cgNIzDnVy2q1DNtoOa2tcw
Mt97wbFODa3DnUAtfDhSTQ,XqkhhnE_Cjz5UR79U3TS8Q
Mt97wbFODa3DnUAtfDhSTQ,O3hEA315me_9p1oJOHidjA
Mt97wbFODa3DnUAtfDhSTQ,i9NUpbJwjgFx5eynO_-UBw
Mt97wbFODa3DnUAtfDhSTQ,V6K9M6mG4br3FkRGIqmwLw
Mt97wbFODa3DnUAtfDhSTQ,wBDjHtmnIF1HHTIXtVEuYg
Mt97wbFODa3DnUAtfDhSTQ,JxBbm91lDnBEvzG2oQS5Xg
Mt97wbFODa3DnUAtfDhSTQ,h7p-GuaHFGsiKCF4g6Bjqg
Mt97wbFODa3DnUAtfDhSTQ,xXfWLjfTFZ3v6q5nrFdsTw
Mt97wbFODa3DnUAtfDhSTQ,v_7lmS6pGGkq6n0X9EljIQ
Mt97wbFODa3DnUAtfDhSTQ,09BVSK2BeCopebFI6plOIQ
Mt97wbFODa3DnUAtfDhSTQ,qY8R64XPR6gKmMOyeFZvfQ
Mt97wbFODa3DnUAtfDhSTQ,z4Bvefqd1bV7hwAuM7LJbw
Mt97wbFODa3DnUAtfDhSTQ,vMpZl-GxPeJAiYzZjxex3Q
Mt97wbFODa3DnUAtfDhSTQ,pBRLEOeYcW4NFhR49KA06A
Mt97wbFODa3DnUAtfDhSTQ,0fcXVDi6zmRYs7t3hTpYkQ
Mt97wbFODa3DnUAtfDhSTQ,c3NAcDVWOv79nob0FuWLcg
Mt97wbFODa3DnUAtfDhSTQ,9z87JubGpLEvl5nYRyXB2Q
Mt97wbFODa3DnUAtfDhSTQ,B9ZtBqN7-DmJwBBjNVobKw
Mt97wbFODa3DnUAtfDhSTQ,CQUDh80m48xnzUkx-X5NAw
Mt97wbFODa3DnUAtfDhSTQ,6Dca_QIXdvHH3lIHHPcyxw
Mt97wbFODa3DnUAtfDhSTQ,t-rk28ZugyjteLq7m-_0-A
Mt97wbFODa3DnUAtfDhSTQ,cn1Pvo2pC4CPVBHswtYzhw
Mt97wbFODa3DnUAtfDhSTQ,cuIGSOIcsYdhcf16oy7RiQ
Mt97wbFODa3DnUAtfDhSTQ,rSsbCUYJpw0mkqZ-Hwlj3Q
Mt97wbFODa3DnUAtfDhSTQ,Im4JX9MoXCqIYuglCNQqtA
Mt97wbFODa3DnUAtfDhSTQ,quqkZJJSm79L6ghOFvvY3w
Mt97wbFODa3DnUAtfDhSTQ,hHu0NUkvUuTV6FdQO_1zkw
Mt97wbFODa3DnUAtfDhSTQ,bX1VHFVy5S23BtSxGxhHSw
Mt97wbFODa3DnUAtfDhSTQ,ZCwWDSaA-WOAJkv7AYlV_g
Mt97wbFODa3DnUAtfDhSTQ,8UymnRX7b7XwJ2s7vhNCew
Mt97wbFODa3DnUAtfDhSTQ,RZiAZ0v-f9g_rAJpLFf-fg
Mt97wbFODa3DnUAtfDhSTQ,xTVnhxRAyXgs9OZSi9xg6g
Mt97wbFODa3DnUAtfDhSTQ,BXccVzOSil0hyKL24DTUHQ
Mt97wbFODa3DnUAtfDhSTQ,wTngD2NwjPjwA80ffRWgmw
Mt97wbFODa3DnUAtfDhSTQ,IWdIu_cCBiYmTEpTqBFVCA
Mt97wbFODa3DnUAtfDhSTQ,pagSZVO2ELxiTrM8SJcLVw
Mt97wbFODa3DnUAtfDhSTQ,WPlcQsL8g_9Pz9P6rJ3afw
Mt97wbFODa3DnUAtfDhSTQ,lzmuDdCxM2_ERbxzZNikXg
Mt97wbFODa3DnUAtfDhSTQ,huuqSfQUV96FoJopt_ARjw
Mt97wbFODa3DnUAtfDhSTQ,OnGeBXTYpnOtMJBLUqJDCg
Mt97wbFODa3DnUAtfDhSTQ,71KcImM1HfNhhAw0gV1m3w
Mt97wbFODa3DnUAtfDhSTQ,98uzhBtpEBf-daoQ4x_VOA
Mt97wbFODa3DnUAtfDhSTQ,ZkGEQxVKozRfPu6cofmDKQ
pRAG05KXr_mZY0gzKAwAPw,yAxgzZJoqsVnAKjjPby0Rg
pRAG05KXr_mZY0gzKAwAPw,6WG2IGTVr-xKn0pYQZJGjw
pRAG05KXr_mZY0gzKAwAPw,EefkMrM5--XjBFC_h4W6_g
pRAG05KXr_mZY0gzKAwAPw,lSffPMKsqJdvwyzfGjbVqw
pRAG05KXr_mZY0gzKAwAPw,42D8UPKrq8oDOPwGysuEMw
pRAG05KXr_mZY0gzKAwAPw,Hfsfk4y-32QOYosMB2-fOw
pRAG05KXr_mZY0gzKAwAPw,YLp0ArWbqGtaG8TRc-yjXA
pRAG05KXr_mZY0gzKAwAPw,Uade1KnpOJJKbXsZv2dOpg
pRAG05KXr_mZY0gzKAwAPw,wguqXOggzgJH9_i-Z9j_7w
pRAG05KXr_mZY0gzKAwAPw,uefh148KzhHnSkIxr0JBCQ
pRAG05KXr_mZY0gzKAwAPw,E9kcWJdJUHuTKfQurPljwA
pRAG05KXr_mZY0gzKAwAPw,gYBhjj_nEoXZi9NnP04GwQ
pRAG05KXr_mZY0gzKAwAPw,PZEylSNzdhBOaF3AFp5OTA
pRAG05KXr_mZY0gzKAwAPw,E4ptx5HC4y-XNdWxgJMZeQ
pRAG05KXr_mZY0gzKAwAPw,_Ga2loxP79jZLxGqfbymnA
pRAG05KXr_mZY0gzKAwAPw,cJRdN20Qq3jlHXyTl3P03A
pRAG05KXr_mZY0gzKAwAPw,31Pny4gcUyBSev8UzswqaQ
pRAG05KXr_mZY0gzKAwAPw,lUgjasGKsRwcoq8xfWgr_g
pRAG05KXr_mZY0gzKAwAPw,kGbRvQ1iEQus_kJ_54RtZA
pRAG05KXr_mZY0gzKAwAPw,2GBadeu84JSeBB_DupsA6Q
pRAG05KXr_mZY0gzKAwAPw,TOa7aRR-lw4sblH-Ju-y9A
pRAG05KXr_mZY0gzKAwAPw,3GWP2QTItrPA2FgRWO88BA
HzeVbLwHoWdNGA1IYWJ-nw,6hHCcP8DxO19Rcv50bPbJQ
HzeVbLwHoWdNGA1IYWJ-nw,EExD2XwXKbA3cqyJ8eDTZg
HzeVbLwHoWdNGA1IYWJ-nw,KO7CuK8p5u4AFGQ7voXe9g
HzeVbLwHoWdNGA1IYWJ-nw,QOwTc4i67airni8tVXmdaA
HzeVbLwHoWdNGA1IYWJ-nw,3zxy3LVBV3ttxoYbY4rQ8A
HzeVbLwHoWdNGA1IYWJ-nw,Zt9tzIoqRy1dkOQs4sUJjQ
HzeVbLwHoWdNGA1IYWJ-nw,_XqQnuyixDNhGST0Ihql0A
HzeVbLwHoWdNGA1IYWJ-nw,R95jUAYcnhesh9L5kCSeSA
HzeVbLwHoWdNGA1IYWJ-nw,fJgP8dmVzM6IVBDfljdxfA
HzeVbLwHoWdNGA1IYWJ-nw,uiKdYqGS2MKqit5UQzyz_A
HzeVbLwHoWdNGA1IYWJ-nw,Hn8O2RQijYIVLFNF5VPWTA
HzeVbLwHoWdNGA1IYWJ-nw,eZjq25m8jf_1B9nVvcXl5A
HzeVbLwHoWdNGA1IYWJ-nw,A9tcjDwZoR3BXZXX3WihTg
HzeVbLwHoWdNGA1IYWJ-nw,9F-g-Xl_YUUDvTTxUiOJfQ
HzeVbLwHoWdNGA1IYWJ-nw,NoMqm8DoFw2-NpxKuSEVAA
HzeVbLwHoWdNGA1IYWJ-nw,qFd1_37jgeq3iJ0EdC8qNg
HzeVbLwHoWdNGA1IYWJ-nw,rSsbCUYJpw0mkqZ-Hwlj3Q
HzeVbLwHoWdNGA1IYWJ-nw,Y3G6XeZ589qu4jY3aiSyUg
HzeVbLwHoWdNGA1IYWJ-nw,fGjuj3-oM-ZIaX7FpiMsEA
HzeVbLwHoWdNGA1IYWJ-nw,UlsRtskVfiEhtafWpoQNxA
HzeVbLwHoWdNGA1IYWJ-nw,uEvusDwoSymbJJ0auR3muQ
HzeVbLwHoWdNGA1IYWJ-nw,knFwHcdFmxOHcHUY8IOoUw
HzeVbLwHoWdNGA1IYWJ-nw,z4WevL0CrJuSdtBCIp5EPw
HzeVbLwHoWdNGA1IYWJ-nw,6Mv-qMJyxSokCu8YFM1o0A
HzeVbLwHoWdNGA1IYWJ-nw,xywXoLnG7qWIayFu8oZQgQ
HzeVbLwHoWdNGA1IYWJ-nw,rMvQLkIgoMhXXGU-4y-0Sg
HzeVbLwHoWdNGA1IYWJ-nw,HOvBubpYL0xdOhtgwiJaUg
HzeVbLwHoWdNGA1IYWJ-nw,jp9WCxTsK-xucgxaIYe6sg
HzeVbLwHoWdNGA1IYWJ-nw,PVs2hLuFD8Eq3pVPzkSxoQ
HzeVbLwHoWdNGA1IYWJ-nw,Gv9bUr0iPVOamMttzh7MxA
HzeVbLwHoWdNGA1IYWJ-nw,HN9BbEZFK8X5QGx_C56K_g
HzeVbLwHoWdNGA1IYWJ-nw,bue3UfrSsrG3fV2BDNcwlA
HzeVbLwHoWdNGA1IYWJ-nw,V6K9M6mG4br3FkRGIqmwLw
CQUDh80m48xnzUkx-X5NAw,To0q4_30dIF2Cc05NW6ROg
CQUDh80m48xnzUkx-X5NAw,jq8zJR-Ew8QKjGudPmL8IQ
CQUDh80m48xnzUkx-X5NAw,NZ7bdQ6VWr0LYkFiGJDNFQ
CQUDh80m48xnzUkx-X5NAw,rsVLUphOQsooFcd-Y8KXRg
CQUDh80m48xnzUkx-X5NAw,fqZQ9pNwIVJUbE63TJAuIw
CQUDh80m48xnzUkx-X5NAw,oXNZISuIwAkpmiVFvfUWWg
CQUDh80m48xnzUkx-X5NAw,q8XLM_ahF3Eh3i7M0dL5Ww
CQUDh80m48xnzUkx-X5NAw,xHtWDV4zEp-lXYeGqRAkLw
CQUDh80m48xnzUkx-X5NAw,GqHb3Rpp-cJRp_aMW---Ww
CQUDh80m48xnzUkx-X5NAw,8NjW2RsAoaIGW3NddgV6bQ
CQUDh80m48xnzUkx-X5NAw,30QfAHXX77SvrvbD09Z3Dg
CQUDh80m48xnzUkx-X5NAw,OmjMNG77obZOKQ59o-Tx4Q
CQUDh80m48xnzUkx-X5NAw,G9Vb6yQ047TC3O_-GG4WZA
CQUDh80m48xnzUkx-X5NAw,Ai7ZSET9dbL-h1qUdcyC5Q
CQUDh80m48xnzUkx-X5NAw,C0m91suij9CJED7B990EBA
CQUDh80m48xnzUkx-X5NAw,w6vojfyk7-gh3UzwcqnvpA
CQUDh80m48xnzUkx-X5NAw,dHxvSPU6PZqX1LQRXajGDQ
CQUDh80m48xnzUkx-X5NAw,UuIr2WKA0gZRyRvWIlAduQ
CQUDh80m48xnzUkx-X5NAw,UwcvZRX6i-twGaKMOO_X6Q
CQUDh80m48xnzUkx-X5NAw,HZMP5Iau-u9K9MhFrvFczQ
CQUDh80m48xnzUkx-X5NAw,jEH7AHVRGE6ymr97aXmTgg
CQUDh80m48xnzUkx-X5NAw,ZVxh68z6aqdjPAeRFaj5qw
CQUDh80m48xnzUkx-X5NAw,cufhYFdyrUAt4SWe-m0grQ
CQUDh80m48xnzUkx-X5NAw,LYXc1p5VH4ny-KO2-W1_eQ
CQUDh80m48xnzUkx-X5NAw,PgkpCBDHtDvNPMULHO2b2A
CQUDh80m48xnzUkx-X5NAw,9z87JubGpLEvl5nYRyXB2Q
CQUDh80m48xnzUkx-X5NAw,uvWBd1022bQfqjXAEPbHJQ
CQUDh80m48xnzUkx-X5NAw,lroAOi_BDnI1tkY6l-Mhyg
5fkoav7AvFML3ljk5gA1Jw,TQXEFaoqo66USjGzCk3BDg
5fkoav7AvFML3ljk5gA1Jw,mX2D6RLm-eqEZ8eV5HBscQ
5fkoav7AvFML3ljk5gA1Jw,Ot-ODtUth8kGGujm_AscdQ
5fkoav7AvFML3ljk5gA1Jw,tqUF025aZDiihzjB3sz00A
5fkoav7AvFML3ljk5gA1Jw,lODuaCM1EnOzauJQJRTJpA
5fkoav7AvFML3ljk5gA1Jw,h7p-GuaHFGsiKCF4g6Bjqg
5fkoav7AvFML3ljk5gA1Jw,VXcnz_qhrggnHt4MDUmvkQ
5fkoav7AvFML3ljk5gA1Jw,aDylqeGgFOEY_5C9FjZpvw
5fkoav7AvFML3ljk5gA1Jw,furuubeMWLb8YTYu2Hb8Rw
5fkoav7AvFML3ljk5gA1Jw,19FLqyu1rhuvTDAJ9QKQaQ
5fkoav7AvFML3ljk5gA1Jw,RZiAZ0v-f9g_rAJpLFf-fg
5fkoav7AvFML3ljk5gA1Jw,cfNcpHJ8ALBRTzf2PpeHVw
5fkoav7AvFML3ljk5gA1Jw,C0m91suij9CJED7B990EBA
5fkoav7AvFML3ljk5gA1Jw,xcZXUuFWtto9iYmwrpGt_A
5fkoav7AvFML3ljk5gA1Jw,UfmxjtmLhdX5XIuVkkbdGg
5fkoav7AvFML3ljk5gA1Jw,an6CY3qTgs86sg2C9M1i9Q
5fkoav7AvFML3ljk5gA1Jw,6K7QN65zgPsbw5IGveWFzw
5fkoav7AvFML3ljk5gA1Jw,LOK4oCby0Ou46W65YMO6-w
5fkoav7AvFML3ljk5gA1Jw,eYd1sygl0Thd2JRQTVgX5A
5fkoav7AvFML3ljk5gA1Jw,ou7z4su1Hd89zUYwp7YnTg
5fkoav7AvFML3ljk5gA1Jw,mwQEpE8nZ-narl5zc3eMFA
5fkoav7AvFML3ljk5gA1Jw,bhRyaxOY_ZhnCu9wH_PBzw
5fkoav7AvFML3ljk5gA1Jw,3zxy3LVBV3ttxoYbY4rQ8A
5fkoav7AvFML3ljk5gA1Jw,ZkGEQxVKozRfPu6cofmDKQ
5fkoav7AvFML3ljk5gA1Jw,E4oTk0GeZFYVcjCNnemRQA
5fkoav7AvFML3ljk5gA1Jw,uDkD6YkpKb6Se6TZCLMdvw
5fkoav7AvFML3ljk5gA1Jw,L6HYfzv9p_00jW4zKRawpw
5fkoav7AvFML3ljk5gA1Jw,rMvQLkIgoMhXXGU-4y-0Sg
5fkoav7AvFML3ljk5gA1Jw,HZMP5Iau-u9K9MhFrvFczQ
5fkoav7AvFML3ljk5gA1Jw,4Xbiaa_X-AogNlIX_f-miA
5fkoav7AvFML3ljk5gA1Jw,5eKI5IE1LhtzUzE_DDWc8A
5fkoav7AvFML3ljk5gA1Jw,mPjy3p5bKX96Fr6nC93N1w
5fkoav7AvFML3ljk5gA1Jw,oDgFJv85M22F26LESCxAWA
5fkoav7AvFML3ljk5gA1Jw,ZVI348cp4NYfNxwq7JfIwg
5fkoav7AvFML3ljk5gA1Jw,PV7tpHc6WnKl6Cj5unpd7A
5fkoav7AvFML3ljk5gA1Jw,bdJuBslrAtzFvNSiFGN0MA
5fkoav7AvFML3ljk5gA1Jw,h9GzK4t395V_zhNMTEfDAQ
5fkoav7AvFML3ljk5gA1Jw,V6K9M6mG4br3FkRGIqmwLw
5fkoav7AvFML3ljk5gA1Jw,TbFvIBO0yxAZMLSFzlG1AQ
5fkoav7AvFML3ljk5gA1Jw,1JlOo8MoX4e67l34aRulrg
5fkoav7AvFML3ljk5gA1Jw,v31PLPEExETFkub-Yz9__Q
0fcXVDi6zmRYs7t3hTpYkQ,GX0FKxi3OjDABcw4XwQ7Jg
0fcXVDi6zmRYs7t3hTpYkQ,P3wxZaI8n4aGWqRHNx6K_w
0fcXVDi6zmRYs7t3hTpYkQ,FGmWx0hFD-h3YuTEql1x2Q
0fcXVDi6zmRYs7t3hTpYkQ,zdIezCY_U1JPZb-uTPNR7g
0fcXVDi6zmRYs7t3hTpYkQ,t4FhOQIOnfwDfnN-HE93PQ
0fcXVDi6zmRYs7t3hTpYkQ,OG0mYD82kGRVxUTu6lUH3w
0fcXVDi6zmRYs7t3hTpYkQ,I0p74B-gOmltMPObXz90mA
0fcXVDi6zmRYs7t3hTpYkQ,bjo0egl4dZVAv1KAG7uk5A
0fcXVDi6zmRYs7t3hTpYkQ,vM6MqkJmZYDlFMmZdL4Qgg
0fcXVDi6zmRYs7t3hTpYkQ,qlGoeNSzYKpoPi0B8KPcUg
0fcXVDi6zmRYs7t3hTpYkQ,4LfLzGCqHgW4dtL47Vmu4Q
0fcXVDi6zmRYs7t3hTpYkQ,H1DKDA3I0XIA4IIfFju9AA
0fcXVDi6zmRYs7t3hTpYkQ,U18t13RHpr_T8dnUE6KHpg
0fcXVDi6zmRYs7t3hTpYkQ,5Y6rd_T0qoMdHLnE7zSJVQ
0fcXVDi6zmRYs7t3hTpYkQ,khV51VNv1bj6L6rqWSTrcQ
0fcXVDi6zmRYs7t3hTpYkQ,mmIfyHuV06iEJ05yHSbFpg
0fcXVDi6zmRYs7t3hTpYkQ,FP5q8xjAVqwqSq3x7ZAAcA
0fcXVDi6zmRYs7t3hTpYkQ,mEAmvv9gAXkrAn75b2JsIw
0fcXVDi6zmRYs7t3hTpYkQ,ZBJA2KVTYwSYpFQ3FRcIeQ
0fcXVDi6zmRYs7t3hTpYkQ,--2vR0DIsmQ6WfcSzKWigw
0fcXVDi6zmRYs7t3hTpYkQ,LkbF8o6DOoJ7Bhbjtrjz4Q
0fcXVDi6zmRYs7t3hTpYkQ,QbIFAvALRuLFEHtfZxe9lA
0fcXVDi6zmRYs7t3hTpYkQ,bg3U6d25h0mCRP7EBlo8hQ
0fcXVDi6zmRYs7t3hTpYkQ,GCGOOf2CdeYd_0uYgtyrcQ
0fcXVDi6zmRYs7t3hTpYkQ,O2odcmZxVBUKVFbYPfC7iQ
0fcXVDi6zmRYs7t3hTpYkQ,GbjI-ti7-da1MMmVZtwlSA
0fcXVDi6zmRYs7t3hTpYkQ,2wRbgeBz6G7g3k-Gbv-_YQ
0fcXVDi6zmRYs7t3hTpYkQ,DZ1MF3OoRFlEzseyFVkz-g
0fcXVDi6zmRYs7t3hTpYkQ,gHAvZRRptcJiE4--hsUJmA
0fcXVDi6zmRYs7t3hTpYkQ,v_7lmS6pGGkq6n0X9EljIQ
0fcXVDi6zmRYs7t3hTpYkQ,9DiiCCCmvOb9TNZPmFcD5Q
0fcXVDi6zmRYs7t3hTpYkQ,2JUW4ay9IEcJSxMDSm-HBQ
0fcXVDi6zmRYs7t3hTpYkQ,gETmQAYu0xDX9PSqQjAKhQ
yzBOmxx_TrTr2hMBExXziQ,uDMVdKN96iTB9RlMHx2Isw
yzBOmxx_TrTr2hMBExXziQ,wjYvdrwIQtD9T_47DeHODA
yzBOmxx_TrTr2hMBExXziQ,D_kaYMyBD7nFZwD4DPveQg
yzBOmxx_TrTr2hMBExXziQ,znLH7M18X-3-hx9a9fN2pg
yzBOmxx_TrTr2hMBExXziQ,pvyrJBQ9J4d6p1NEvqgeiQ
5eKI5IE1LhtzUzE_DDWc8A,wBRh5w-b5Apb7bxUc0iwDQ
5eKI5IE1LhtzUzE_DDWc8A,mDJSGUfepps9sQ3q-UqjgA
5eKI5IE1LhtzUzE_DDWc8A,TTgpnXR3ni7Z7Qx4LPvqDg
5eKI5IE1LhtzUzE_DDWc8A,tSpEbnKOjtvY7BjIkarmcA
5eKI5IE1LhtzUzE_DDWc8A,aZ4h9L6ETGl-2s3njd2Cpw
5eKI5IE1LhtzUzE_DDWc8A,TUh8Rk47DqIVq4pfddQN2A
5eKI5IE1LhtzUzE_DDWc8A,h9GzK4t395V_zhNMTEfDAQ
5eKI5IE1LhtzUzE_DDWc8A,GmzbU3b4PAbDzkiQK76e0w
5eKI5IE1LhtzUzE_DDWc8A,vXeJbvmOWK-CBVihNJNqqw
5eKI5IE1LhtzUzE_DDWc8A,PwK31L4LDqo3AvqZlsQPbA
5eKI5IE1LhtzUzE_DDWc8A,b_profDkNT5mpc8RXnfecw
5eKI5IE1LhtzUzE_DDWc8A,08_4tii26UCtdabjDNhspA
5eKI5IE1LhtzUzE_DDWc8A,hq5XBLOm6Q2ly3Orqe3dNw
5eKI5IE1LhtzUzE_DDWc8A,sGyY2bCwC__l-qbS9Ddd2A
5eKI5IE1LhtzUzE_DDWc8A,kLvxzWp5F8QNnlfuL42sKA
5eKI5IE1LhtzUzE_DDWc8A,WO2NJ_beWE07f4kfXydanA
5eKI5IE1LhtzUzE_DDWc8A,tgW8Nm-3QxhYbMHLlFkMhA
5eKI5IE1LhtzUzE_DDWc8A,mYR2Kah8HG8sA4bcE1_Pfw
5eKI5IE1LhtzUzE_DDWc8A,3yEF4RBACpCIcWNkT5z5dQ
5eKI5IE1LhtzUzE_DDWc8A,OlypwcHKi9yPWFpAIeaVpQ
5eKI5IE1LhtzUzE_DDWc8A,ch3wjnvvVIymmI9vwekG1A
5eKI5IE1LhtzUzE_DDWc8A,32kX9VmpI87pE8qGT2gjPA
5eKI5IE1LhtzUzE_DDWc8A,TGVj6n3gPQXT3ImDTdWc9Q
5eKI5IE1LhtzUzE_DDWc8A,vIpiBDVGVPXsf_DzqwFyHQ
5eKI5IE1LhtzUzE_DDWc8A,YMkdlZLq9mJU1OpYhVPj2w
5eKI5IE1LhtzUzE_DDWc8A,arClkvdti1PnM2vhILmFeg
5eKI5IE1LhtzUzE_DDWc8A,ibINWeLGoC5ffEbJ2_KhOw
5eKI5IE1LhtzUzE_DDWc8A,HqZVWvzk2ZSPWF4WjVn1oA
5eKI5IE1LhtzUzE_DDWc8A,BwNM3dlXVMoVzgQwCdx97Q
5eKI5IE1LhtzUzE_DDWc8A,ecsgy2Wz1w3x4GSNdD39qw
5eKI5IE1LhtzUzE_DDWc8A,XmIyqvl9487pGH7gvrkjgg
5eKI5IE1LhtzUzE_DDWc8A,of5pT1ZSVAPmhPCrrucKuQ
5eKI5IE1LhtzUzE_DDWc8A,gfdr_hQYgygCZLD_mvC2DA
5eKI5IE1LhtzUzE_DDWc8A,JfJg0X54k05KO1GJk5QKJA
5eKI5IE1LhtzUzE_DDWc8A,T4L1mTz2Shd9VpVIb1fZoQ
5eKI5IE1LhtzUzE_DDWc8A,U08FBOaRQCk-IAcHPAxzKA
5eKI5IE1LhtzUzE_DDWc8A,eBPovHBx27RAFVjgtOWMKw
5eKI5IE1LhtzUzE_DDWc8A,aE3_m_nBfzVKRExDB-HJhg
5eKI5IE1LhtzUzE_DDWc8A,p6NnhV7HHFlNmfShh1IKyw
5eKI5IE1LhtzUzE_DDWc8A,tFLqHyH69i6TaEpcZ82_fA
5eKI5IE1LhtzUzE_DDWc8A,GbjI-ti7-da1MMmVZtwlSA
5eKI5IE1LhtzUzE_DDWc8A,X2KI6K8fNoUfQNlN_yWqOQ
5eKI5IE1LhtzUzE_DDWc8A,JYkhoas2sdwAXaoHCmXqLQ
wBRh5w-b5Apb7bxUc0iwDQ,5eKI5IE1LhtzUzE_DDWc8A
wBRh5w-b5Apb7bxUc0iwDQ,yqS7RaJWQqR9tuIf5kyEyw
wBRh5w-b5Apb7bxUc0iwDQ,6fg81vQQNDN0zo-TtP19wg
wBRh5w-b5Apb7bxUc0iwDQ,0pW25Zh_Tncz9qtxVB-o_w
wBRh5w-b5Apb7bxUc0iwDQ,GTJug_ZlM-J_7nOJpxSpuQ
wBRh5w-b5Apb7bxUc0iwDQ,anwhoLgI9YUktYleQXsllw
wBRh5w-b5Apb7bxUc0iwDQ,bBIsg912kX1mlk5ytnCi1w
mDJSGUfepps9sQ3q-UqjgA,UucuUW_j1AwPRcO868aixw
mDJSGUfepps9sQ3q-UqjgA,0TBK4KcAg6Nnskqi32EYYw
mDJSGUfepps9sQ3q-UqjgA,WSgiFuREvsve8UYSYHiqJA
mDJSGUfepps9sQ3q-UqjgA,oQ1UkJXLj6EtQStfr08SfQ
mDJSGUfepps9sQ3q-UqjgA,dnQzdLHYduCH6tooEkiGYA
mDJSGUfepps9sQ3q-UqjgA,_6IVwXVMyKRR3ojdFH4LWA
mDJSGUfepps9sQ3q-UqjgA,rMvQLkIgoMhXXGU-4y-0Sg
mDJSGUfepps9sQ3q-UqjgA,5eKI5IE1LhtzUzE_DDWc8A
mDJSGUfepps9sQ3q-UqjgA,yOwcieWFQt1-6G9buF2gPA
mDJSGUfepps9sQ3q-UqjgA,v_7lmS6pGGkq6n0X9EljIQ
mDJSGUfepps9sQ3q-UqjgA,WO2NJ_beWE07f4kfXydanA
mDJSGUfepps9sQ3q-UqjgA,1L7LDyht-8QYJPkU9okS6w
mDJSGUfepps9sQ3q-UqjgA,wBRh5w-b5Apb7bxUc0iwDQ
mDJSGUfepps9sQ3q-UqjgA,wTngD2NwjPjwA80ffRWgmw
mDJSGUfepps9sQ3q-UqjgA,Khe-fzQpJ0xPlPwFckBjHA
mDJSGUfepps9sQ3q-UqjgA,rqv9mIc9pj9R_b0MIm_fzg
mDJSGUfepps9sQ3q-UqjgA,5QYW9X_nwHEliqJzOl3C4A
mDJSGUfepps9sQ3q-UqjgA,0fcXVDi6zmRYs7t3hTpYkQ
mDJSGUfepps9sQ3q-UqjgA,3zxy3LVBV3ttxoYbY4rQ8A
mDJSGUfepps9sQ3q-UqjgA,z_cp1lEwE8bc_AfFvf0vig
mDJSGUfepps9sQ3q-UqjgA,MQTeZh4eaUAJqWqGB9qkig
mDJSGUfepps9sQ3q-UqjgA,Hi10sGSZNxQH3NLyWSZ1oA
mDJSGUfepps9sQ3q-UqjgA,5fWXa_0ogCs5inSqUpUVZw
mDJSGUfepps9sQ3q-UqjgA,1ZG-6QjiapNXAK2sIKLMEQ
mDJSGUfepps9sQ3q-UqjgA,3aA4uaGPgK_5_ZlYbVs9rg
mDJSGUfepps9sQ3q-UqjgA,UlsRtskVfiEhtafWpoQNxA
mDJSGUfepps9sQ3q-UqjgA,pou3BbKsIozfH50rxmnMew
mDJSGUfepps9sQ3q-UqjgA,xQIMqzCq42N-h1aGKwIEBQ
mDJSGUfepps9sQ3q-UqjgA,DsA-Ngf4gx7V7k22ytZ0VA
mDJSGUfepps9sQ3q-UqjgA,_OT0XRhlofdE9T1o4namKQ
mDJSGUfepps9sQ3q-UqjgA,vo6o8FRObYzianCSjKqrLA
mDJSGUfepps9sQ3q-UqjgA,FM_dyiQ5Kw3SM0oI4NmWAA
TTgpnXR3ni7Z7Qx4LPvqDg,W2bOQ3AuvN9RT9E4WWldvw
TTgpnXR3ni7Z7Qx4LPvqDg,UucuUW_j1AwPRcO868aixw
TTgpnXR3ni7Z7Qx4LPvqDg,gWo_pZGXsT02wg9gD7G_lg
TTgpnXR3ni7Z7Qx4LPvqDg,rSsbCUYJpw0mkqZ-Hwlj3Q
TTgpnXR3ni7Z7Qx4LPvqDg,xMSJuLPWHtPMsOUiRlxu5w
TTgpnXR3ni7Z7Qx4LPvqDg,yZzN-0jhC7Wf4405PSR16w
TTgpnXR3ni7Z7Qx4LPvqDg,ZkGEQxVKozRfPu6cofmDKQ
TTgpnXR3ni7Z7Qx4LPvqDg,u5xRYdVlNHx0AsUt8JFBtQ
TTgpnXR3ni7Z7Qx4LPvqDg,S8aunXrPaNU-WSlWxT_h0Q
TTgpnXR3ni7Z7Qx4LPvqDg,NGBAz-5GCWAv6Em7LtrBeQ
TTgpnXR3ni7Z7Qx4LPvqDg,5eKI5IE1LhtzUzE_DDWc8A
TTgpnXR3ni7Z7Qx4LPvqDg,RgLTpGiZVo4s5gLEV9t_4g
tSpEbnKOjtvY7BjIkarmcA,3zxy3LVBV3ttxoYbY4rQ8A
tSpEbnKOjtvY7BjIkarmcA,BjtJ3VkMOxV2Lan037AFuw
tSpEbnKOjtvY7BjIkarmcA,I5xO2CQPsb_dCnjYVQtDbg
tSpEbnKOjtvY7BjIkarmcA,KtQYWkzwV-fCTAIcQfc7Rw
tSpEbnKOjtvY7BjIkarmcA,KqqRdjZBsrLn8IoxbSC8gQ
tSpEbnKOjtvY7BjIkarmcA,v_7lmS6pGGkq6n0X9EljIQ
tSpEbnKOjtvY7BjIkarmcA,6ccdhKGjb1x3cbNHkU7wdw
tSpEbnKOjtvY7BjIkarmcA,nbZ2mKN76eDnRwW6G4wyLA
tSpEbnKOjtvY7BjIkarmcA,_lfIG1PpcZJBvk0Pd19irA
tSpEbnKOjtvY7BjIkarmcA,9bGIVEWSw0uRbHnALxzhMw
tSpEbnKOjtvY7BjIkarmcA,LskubUP_Qw2xwyfoBCyIBQ
tSpEbnKOjtvY7BjIkarmcA,qka7EXBwxSXBZ0BT4QWbMg
tSpEbnKOjtvY7BjIkarmcA,0lOSGSPpahLaJJKODrUTzQ
tSpEbnKOjtvY7BjIkarmcA,3aA4uaGPgK_5_ZlYbVs9rg
tSpEbnKOjtvY7BjIkarmcA,HfjpPNjU9nViIaIeWLQ_0A
tSpEbnKOjtvY7BjIkarmcA,km_knOT49nDVdIsb6w4hzw
tSpEbnKOjtvY7BjIkarmcA,uyeGR0lspsXVarqrUZcYjw
tSpEbnKOjtvY7BjIkarmcA,8ibBR_p6xbY7Q8bymY3WVQ
tSpEbnKOjtvY7BjIkarmcA,5hWWtgHwpuEyhfUGn19vgw
tSpEbnKOjtvY7BjIkarmcA,teMqdHTaJDnUenJG8lh2_g
tSpEbnKOjtvY7BjIkarmcA,LbEwuy7LX8p_t4VA1Od6dw
tSpEbnKOjtvY7BjIkarmcA,kPgNVSxXnhkyWBkqTcW45g
tSpEbnKOjtvY7BjIkarmcA,XqkhhnE_Cjz5UR79U3TS8Q
tSpEbnKOjtvY7BjIkarmcA,hEMBlJJY2LhR8wY9KJlzJw
tSpEbnKOjtvY7BjIkarmcA,QScQIxuQmbJAEz6cx74VxQ
tSpEbnKOjtvY7BjIkarmcA,SI-wqUwb6AHF02WnY6eNHA
tSpEbnKOjtvY7BjIkarmcA,hT2Mw5m_SXBDVBuvA3KY-w
tSpEbnKOjtvY7BjIkarmcA,o77mRfNFO76eywHZLnpatw
tSpEbnKOjtvY7BjIkarmcA,JomVanfzaZ3zS1ZzI2wO1A
tSpEbnKOjtvY7BjIkarmcA,1JlOo8MoX4e67l34aRulrg
tSpEbnKOjtvY7BjIkarmcA,8myIr-BtYNxj-4AkvjwJJA
tSpEbnKOjtvY7BjIkarmcA,AQxvwnwwRlcEgfVkbSMj4g
tSpEbnKOjtvY7BjIkarmcA,OnGeBXTYpnOtMJBLUqJDCg
tSpEbnKOjtvY7BjIkarmcA,NBL1IrGQf5g-9t4l43hIQg
tSpEbnKOjtvY7BjIkarmcA,eiiXoxbl2nzTy3VTsOd-Qw
tSpEbnKOjtvY7BjIkarmcA,gTRXMC6NwtZO35ZngKzRzg
aZ4h9L6ETGl-2s3njd2Cpw,5eKI5IE1LhtzUzE_DDWc8A
aZ4h9L6ETGl-2s3njd2Cpw,fr3bNNpc8qHIbacl3C9MLQ
aZ4h9L6ETGl-2s3njd2Cpw,ZkGEQxVKozRfPu6cofmDKQ
aZ4h9L6ETGl-2s3njd2Cpw,3zxy3LVBV3ttxoYbY4rQ8A
aZ4h9L6ETGl-2s3njd2Cpw,HZMP5Iau-u9K9MhFrvFczQ
aZ4h9L6ETGl-2s3njd2Cpw,gYm5WujteCSMhwdA2jqqzg
aZ4h9L6ETGl-2s3njd2Cpw,qY8R64XPR6gKmMOyeFZvfQ
aZ4h9L6ETGl-2s3njd2Cpw,wm97KC6G0resSDXTmNIMKw
aZ4h9L6ETGl-2s3njd2Cpw,hP77ekIt7q922IwS1DHk_A
aZ4h9L6ETGl-2s3njd2Cpw,sCpZilDWQslqVKk2xUJKQw
aZ4h9L6ETGl-2s3njd2Cpw,6FasnS3e53f3fW_zwVv-sw
aZ4h9L6ETGl-2s3njd2Cpw,0fcXVDi6zmRYs7t3hTpYkQ
aZ4h9L6ETGl-2s3njd2Cpw,93z2eFLoFuSNDjOM19VvIA
aZ4h9L6ETGl-2s3njd2Cpw,c_zD6u1USfv3FI6wg1T9JA
aZ4h9L6ETGl-2s3njd2Cpw,OA-eps0MDNwnaThISWu-rw
aZ4h9L6ETGl-2s3njd2Cpw,iMuU7XiFKFUmyBvGKuRAkg
aZ4h9L6ETGl-2s3njd2Cpw,ZIXaxKy4SSVisS7Zy252tg
aZ4h9L6ETGl-2s3njd2Cpw,mCe3o602TtjIHu384cZK2Q
aZ4h9L6ETGl-2s3njd2Cpw,xd0G0R1eM4gdNkWFgjNDHg
aZ4h9L6ETGl-2s3njd2Cpw,PWcDbTaoBcBtumbkS5gUJw
aZ4h9L6ETGl-2s3njd2Cpw,R_SsW1TAW9opofs1yV68Sw
aZ4h9L6ETGl-2s3njd2Cpw,CdfyKQ8Axll0UKOdfLAicA
aZ4h9L6ETGl-2s3njd2Cpw,LmcSI6G_K_UQvw2sU0JnDQ
aZ4h9L6ETGl-2s3njd2Cpw,MYZG6m1XiCyLplx4BxrIKw
aZ4h9L6ETGl-2s3njd2Cpw,Iur2tegsnaHssK7jo1VVEw
aZ4h9L6ETGl-2s3njd2Cpw,1GkLKi6VLhWT6UNVnX9_WQ
aZ4h9L6ETGl-2s3njd2Cpw,QeC3igLFqUCELGD_LcMopw
TUh8Rk47DqIVq4pfddQN2A,79NZme4M-j969dKHRoix1w
TUh8Rk47DqIVq4pfddQN2A,5eKI5IE1LhtzUzE_DDWc8A
TUh8Rk47DqIVq4pfddQN2A,K0Q4dn9nFiB9_Pcwu40AAA
TUh8Rk47DqIVq4pfddQN2A,YSb8JRyI75M8FkbYWLH4UA
TUh8Rk47DqIVq4pfddQN2A,NheE913S9veVeC0iEvbeHQ
h9GzK4t395V_zhNMTEfDAQ,t1I3LLMuwz1ytLXw88PFPQ
h9GzK4t395V_zhNMTEfDAQ,VzlX5LJ7__pl6AaBWBiw9w
h9GzK4t395V_zhNMTEfDAQ,CBG3um4DlmwtSphCo5ENBg
h9GzK4t395V_zhNMTEfDAQ,hWDybu_KvYLSdEFzGrniTw
h9GzK4t395V_zhNMTEfDAQ,i2PrKSf5C6FmYXB0F86UKA
h9GzK4t395V_zhNMTEfDAQ,CQUDh80m48xnzUkx-X5NAw
h9GzK4t395V_zhNMTEfDAQ,j14WgRoU_-2ZE1aw1dXrJg
h9GzK4t395V_zhNMTEfDAQ,bVUSIWP2-s1ENxO_u7v7Bw
h9GzK4t395V_zhNMTEfDAQ,JjXuiru1_ONzDkYVrHN0aw
h9GzK4t395V_zhNMTEfDAQ,q4uCUMvkNjAets3lWCkUuQ
h9GzK4t395V_zhNMTEfDAQ,KaNUwYzn2_FlVCFWMh1KVw
h9GzK4t395V_zhNMTEfDAQ,VvLhL1THnDwNNWlP4ydv8g
h9GzK4t395V_zhNMTEfDAQ,GbjI-ti7-da1MMmVZtwlSA
h9GzK4t395V_zhNMTEfDAQ,5eKI5IE1LhtzUzE_DDWc8A
h9GzK4t395V_zhNMTEfDAQ,7iiyW82qCBMXS9Oa0GrxBQ
h9GzK4t395V_zhNMTEfDAQ,5-Ifh-kMzwFGT1k6ByDhcA
h9GzK4t395V_zhNMTEfDAQ,I9PpxV1JrGATW-u3gew3Ew
h9GzK4t395V_zhNMTEfDAQ,ez24d08Qyqb7mCKEuTaifQ
h9GzK4t395V_zhNMTEfDAQ,I5xO2CQPsb_dCnjYVQtDbg
h9GzK4t395V_zhNMTEfDAQ,Zfj1fLiPeqAtjQVJRTfpZQ
h9GzK4t395V_zhNMTEfDAQ,zh5LqaNB-bvx8DpfMvz5rA
h9GzK4t395V_zhNMTEfDAQ,9F-g-Xl_YUUDvTTxUiOJfQ
h9GzK4t395V_zhNMTEfDAQ,oxRLKaxIBNUcofgpD9dLKw
h9GzK4t395V_zhNMTEfDAQ,z4WevL0CrJuSdtBCIp5EPw
h9GzK4t395V_zhNMTEfDAQ,mPjy3p5bKX96Fr6nC93N1w
h9GzK4t395V_zhNMTEfDAQ,EHO7OGlQp39G-zT9jFTJbw
h9GzK4t395V_zhNMTEfDAQ,tYCvxTCYgFHR9ZUyAeInrg
h9GzK4t395V_zhNMTEfDAQ,_UMIAnpnXWAqXS4y6NT1vQ
h9GzK4t395V_zhNMTEfDAQ,KKm1FLHy1b6x64GIJQ1TgA
h9GzK4t395V_zhNMTEfDAQ,3zxy3LVBV3ttxoYbY4rQ8A
h9GzK4t395V_zhNMTEfDAQ,KcFxhQFcVlr4urPTsJAVXw
h9GzK4t395V_zhNMTEfDAQ,tt3oDo-N72AdM9Vw5N1rrQ
h9GzK4t395V_zhNMTEfDAQ,JVx3qKUBZ1QqBDnmCgwZXQ
h9GzK4t395V_zhNMTEfDAQ,37d7Q7UZQimibdBDNhLBXA
h9GzK4t395V_zhNMTEfDAQ,uwE5dpPyPoTkRhsncSOGHA
h9GzK4t395V_zhNMTEfDAQ,vZ8V8asW6eV7wjdMoVrang
h9GzK4t395V_zhNMTEfDAQ,MDqqw81PooYAXFNJQgs3VA
h9GzK4t395V_zhNMTEfDAQ,9aPhTC34PILldShZHzPi5g
GmzbU3b4PAbDzkiQK76e0w,iyPc_BEGFiC6emJ2m_ledQ
GmzbU3b4PAbDzkiQK76e0w,rMvQLkIgoMhXXGU-4y-0Sg
GmzbU3b4PAbDzkiQK76e0w,0fcXVDi6zmRYs7t3hTpYkQ
GmzbU3b4PAbDzkiQK76e0w,EDkA-QX6jPjoZncBcGbt6A
GmzbU3b4PAbDzkiQK76e0w,98uzhBtpEBf-daoQ4x_VOA
GmzbU3b4PAbDzkiQK76e0w,V9doxrjqG6S94V9WpHGr7w
GmzbU3b4PAbDzkiQK76e0w,hFJgRL0m1i1XFXVu7YxGTw
GmzbU3b4PAbDzkiQK76e0w,2s27wyX1hn2lL1jv5Sn36w
GmzbU3b4PAbDzkiQK76e0w,AQxvwnwwRlcEgfVkbSMj4g
GmzbU3b4PAbDzkiQK76e0w,PQ93LugTM9owNQbgxsp26g
GmzbU3b4PAbDzkiQK76e0w,5eKI5IE1LhtzUzE_DDWc8A
GmzbU3b4PAbDzkiQK76e0w,OI2siIb4Ts4iOlG5iLvgbA
GmzbU3b4PAbDzkiQK76e0w,3zxy3LVBV3ttxoYbY4rQ8A
GmzbU3b4PAbDzkiQK76e0w,OA-eps0MDNwnaThISWu-rw
GmzbU3b4PAbDzkiQK76e0w,lzmuDdCxM2_ERbxzZNikXg
GmzbU3b4PAbDzkiQK76e0w,X_KbkWEHNrjRinyW_cBIdA
vXeJbvmOWK-CBVihNJNqqw,PhY7h_VLrjwt85VxndYoMw
vXeJbvmOWK-CBVihNJNqqw,5eKI5IE1LhtzUzE_DDWc8A
vXeJbvmOWK-CBVihNJNqqw,GEhJ0cbX_YLYdqfvIlutlQ
vXeJbvmOWK-CBVihNJNqqw,pEyMnbJP9X-mGZYQddf6ew
vXeJbvmOWK-CBVihNJNqqw,aC9_qqctF7YBr6C7Xq-xeQ
vXeJbvmOWK-CBVihNJNqqw,gJJDDQpqAKmtgaXE9oh8eg
vXeJbvmOWK-CBVihNJNqqw,XOna-UVUpK7HID7b3BMS8g
vXeJbvmOWK-CBVihNJNqqw,st-HcTLPF3hR6TXATb9DqQ
vXeJbvmOWK-CBVihNJNqqw,OQq6nTHWhGI7eeA-LuTSqg
PwK31L4LDqo3AvqZlsQPbA,5eKI5IE1LhtzUzE_DDWc8A
PwK31L4LDqo3AvqZlsQPbA,08_4tii26UCtdabjDNhspA
PwK31L4LDqo3AvqZlsQPbA,t2Tz38e8G2A0w2vrnsuyfA
PwK31L4LDqo3AvqZlsQPbA,fafQY-OvIFOO0ail09Mvgg
PwK31L4LDqo3AvqZlsQPbA,UucuUW_j1AwPRcO868aixw
PwK31L4LDqo3AvqZlsQPbA,09BVSK2BeCopebFI6plOIQ
PwK31L4LDqo3AvqZlsQPbA,iMuU7XiFKFUmyBvGKuRAkg
PwK31L4LDqo3AvqZlsQPbA,u5xRYdVlNHx0AsUt8JFBtQ
PwK31L4LDqo3AvqZlsQPbA,W3ju5GOrpABy9t3xQKVwHQ
PwK31L4LDqo3AvqZlsQPbA,8Yl5m9VOGag36O3tqC6qQA
PwK31L4LDqo3AvqZlsQPbA,T6EPcAXfrHgpQEYWgU5SCw
PwK31L4LDqo3AvqZlsQPbA,Rk7L7oN3ZXDrujiZ5lCIjA
PwK31L4LDqo3AvqZlsQPbA,A8rxakHpqjCr-3IKC7Qimw
PwK31L4LDqo3AvqZlsQPbA,z4WevL0CrJuSdtBCIp5EPw
PwK31L4LDqo3AvqZlsQPbA,3aA4uaGPgK_5_ZlYbVs9rg
PwK31L4LDqo3AvqZlsQPbA,VoPeNO7-saRgZJeWpwF-oQ
PwK31L4LDqo3AvqZlsQPbA,nOv0AvP4doCU6Kg9ge-xFg
PwK31L4LDqo3AvqZlsQPbA,SRetQxqcQgdMpn2yZ9nvPQ
b_profDkNT5mpc8RXnfecw,E4BsVQnG5zetbwv2x8QIWg
b_profDkNT5mpc8RXnfecw,LamICeGg526mASEilVCrkQ
b_profDkNT5mpc8RXnfecw,6NagSmaahFhlt3LEpnVXoQ
b_profDkNT5mpc8RXnfecw,YEKj6XdpB2Y9szihe3NFrA
b_profDkNT5mpc8RXnfecw,5tXRxr4T24Awl7vjyCvIcQ
b_profDkNT5mpc8RXnfecw,nuESlSw5bmvLMb1_nTjLuw
b_profDkNT5mpc8RXnfecw,iadSz8jHL48_aDDq0iXYHA
b_profDkNT5mpc8RXnfecw,5eKI5IE1LhtzUzE_DDWc8A
b_profDkNT5mpc8RXnfecw,ZkGEQxVKozRfPu6cofmDKQ
b_profDkNT5mpc8RXnfecw,4aCF363Weu2RNAtl3mJ2eg
b_profDkNT5mpc8RXnfecw,71p7Qmz3PNjfrMqpAzgK3Q
b_profDkNT5mpc8RXnfecw,89aoy6WORObOOdU5yPQxoQ
b_profDkNT5mpc8RXnfecw,3aA4uaGPgK_5_ZlYbVs9rg
b_profDkNT5mpc8RXnfecw,r5WO8TRsKL5N3A09JSsgRg
b_profDkNT5mpc8RXnfecw,LXGlWs5L8F-rBGTgG1ZOlQ
b_profDkNT5mpc8RXnfecw,5kizSg_-0C4urcjFn-ZlOw
b_profDkNT5mpc8RXnfecw,yon21mgAit4FGUZVWs_yfw
b_profDkNT5mpc8RXnfecw,Sn88Qpcet4cTHoeai_HcLg
b_profDkNT5mpc8RXnfecw,7F4zhMLJgYb3UFRMl5lK1w
b_profDkNT5mpc8RXnfecw,vFURyX8yxN-40hzspjO4zQ
b_profDkNT5mpc8RXnfecw,MQTeZh4eaUAJqWqGB9qkig
b_profDkNT5mpc8RXnfecw,ek5TKJlqfjiZrMYS5ES-cw
b_profDkNT5mpc8RXnfecw,jXJc2_g7bHZIswzD9uTw9Q
b_profDkNT5mpc8RXnfecw,G2xskHe8op0ouyOh7g6KfQ
b_profDkNT5mpc8RXnfecw,U6CknC8K0NTsXn_yLPV6tQ
b_profDkNT5mpc8RXnfecw,1HM81n6n4iPIFU5d2Lokhw
b_profDkNT5mpc8RXnfecw,n3KsO-K81tR4YBOSETsiCA
b_profDkNT5mpc8RXnfecw,3zxy3LVBV3ttxoYbY4rQ8A
b_profDkNT5mpc8RXnfecw,Xmk_1F9ppq01oOo9BnaCKw
b_profDkNT5mpc8RXnfecw,Hi10sGSZNxQH3NLyWSZ1oA
b_profDkNT5mpc8RXnfecw,z9p4AFUOi_8oZNQ5ntIFJA
b_profDkNT5mpc8RXnfecw,0fcXVDi6zmRYs7t3hTpYkQ
b_profDkNT5mpc8RXnfecw,_iXst4txxHr1Q1pJMLV_CA
08_4tii26UCtdabjDNhspA,5eKI5IE1LhtzUzE_DDWc8A
08_4tii26UCtdabjDNhspA,z9p4AFUOi_8oZNQ5ntIFJA
08_4tii26UCtdabjDNhspA,7tQmojQ-LECb_-tResSXMw
08_4tii26UCtdabjDNhspA,yESGcUsC5gUJDErFCWDrGw
08_4tii26UCtdabjDNhspA,2oStIL_6IfaXvdRQluTX7w
08_4tii26UCtdabjDNhspA,fp6wXrr5r3poOg6YhL4yvQ
08_4tii26UCtdabjDNhspA,PwK31L4LDqo3AvqZlsQPbA
08_4tii26UCtdabjDNhspA,qhKK3F8DfwzAai-q_ObslA
08_4tii26UCtdabjDNhspA,JXfUPmN87P2TEpM3utgdqg
08_4tii26UCtdabjDNhspA,EqxwaZAEqtNTlCE0tIS_vg
08_4tii26UCtdabjDNhspA,XSd1GThpNPS7kiDbiF9GCg
08_4tii26UCtdabjDNhspA,SVFL9ASQmOqwxig9_k3dwQ
08_4tii26UCtdabjDNhspA,OA-eps0MDNwnaThISWu-rw
08_4tii26UCtdabjDNhspA,Y1XVx7sRH2F6BI896q8IoA
08_4tii26UCtdabjDNhspA,GnGdXlqfnh19LmVkBYXxrg
08_4tii26UCtdabjDNhspA,b5Pp_fOZnMHg_Z1NZcmMIQ
08_4tii26UCtdabjDNhspA,KMzh4wbDVx41O22wXpisbA
08_4tii26UCtdabjDNhspA,vcWvb9iEbwaOLGoiY2vumQ
08_4tii26UCtdabjDNhspA,rMvQLkIgoMhXXGU-4y-0Sg
08_4tii26UCtdabjDNhspA,ZkGEQxVKozRfPu6cofmDKQ
08_4tii26UCtdabjDNhspA,m9E3_sEZyfyLTLdWId5nOQ
hq5XBLOm6Q2ly3Orqe3dNw,EIwNqeBDMQ4Q6k0DQ30SyA
hq5XBLOm6Q2ly3Orqe3dNw,wF4_c5luZZM0-z-d-EtCCQ
hq5XBLOm6Q2ly3Orqe3dNw,VpxNvfeF_gUAATgHAFARdg
hq5XBLOm6Q2ly3Orqe3dNw,cUrdo4zdq3VtuDhu16YR9A
hq5XBLOm6Q2ly3Orqe3dNw,yInNj9eDZ1JAUIZ4n0P6Jg
hq5XBLOm6Q2ly3Orqe3dNw,k8Qx7EVC_OTJ437hWhzTbg
hq5XBLOm6Q2ly3Orqe3dNw,ELvPJooHTxyaAcyDP1VnEA
hq5XBLOm6Q2ly3Orqe3dNw,S0IT5XvAAQh-3DhPvOmuig
hq5XBLOm6Q2ly3Orqe3dNw,_FM6sCWhfMTGZi27AFmtxQ
hq5XBLOm6Q2ly3Orqe3dNw,XaBu8NfTBCmMV5iqXZ6Wmw
hq5XBLOm6Q2ly3Orqe3dNw,3jRdlkr7un7FhHVh-KqENw
hq5XBLOm6Q2ly3Orqe3dNw,rSsbCUYJpw0mkqZ-Hwlj3Q
hq5XBLOm6Q2ly3Orqe3dNw,UBOeYsQgpUaHjYUVEQvtyQ
hq5XBLOm6Q2ly3Orqe3dNw,yZzN-0jhC7Wf4405PSR16w
sGyY2bCwC__l-qbS9Ddd2A,GDFKi7MKJS75W04Hj7GV8Q
sGyY2bCwC__l-qbS9Ddd2A,5eKI5IE1LhtzUzE_DDWc8A
sGyY2bCwC__l-qbS9Ddd2A,Oyt7NdbHmtcPq7kcFF-_0g
sGyY2bCwC__l-qbS9Ddd2A,rRIiUhl9jG8zlvYTrlVCqg
sGyY2bCwC__l-qbS9Ddd2A,Kjm4pkfrLhqchOPdncn6rw
sGyY2bCwC__l-qbS9Ddd2A,0Bec5ArnMLa3wHil7MauBg
sGyY2bCwC__l-qbS9Ddd2A,9eBIS0_f-0BYzl_yQdoT-g
sGyY2bCwC__l-qbS9Ddd2A,UtcwxkpWZ-O_LqE9HeS1nw
sGyY2bCwC__l-qbS9Ddd2A,XS_1clPKAEl6HVDAwS7YTA
sGyY2bCwC__l-qbS9Ddd2A,O0o0cdfk7F-N12BfsifGhA
kLvxzWp5F8QNnlfuL42sKA,5eKI5IE1LhtzUzE_DDWc8A
kLvxzWp5F8QNnlfuL42sKA,AyUBGAP-85I8XHTR3uiTVQ
kLvxzWp5F8QNnlfuL42sKA,GbjI-ti7-da1MMmVZtwlSA
kLvxzWp5F8QNnlfuL42sKA,lpYf3kPjvPyA6ZeiFIW6Mg
kLvxzWp5F8QNnlfuL42sKA,Cekpdh_OBgh-VhOlHaXEhg
kLvxzWp5F8QNnlfuL42sKA,3zxy3LVBV3ttxoYbY4rQ8A
kLvxzWp5F8QNnlfuL42sKA,VB-k6PeC9GqOVRgUnCabhw
kLvxzWp5F8QNnlfuL42sKA,B3ntEKRqQfoRvaK2B5QI4A
kLvxzWp5F8QNnlfuL42sKA,Im4JX9MoXCqIYuglCNQqtA
kLvxzWp5F8QNnlfuL42sKA,IaxdS6sVFDDn_FoyIWnGcQ
kLvxzWp5F8QNnlfuL42sKA,98uzhBtpEBf-daoQ4x_VOA
kLvxzWp5F8QNnlfuL42sKA,rMvQLkIgoMhXXGU-4y-0Sg
kLvxzWp5F8QNnlfuL42sKA,XqkhhnE_Cjz5UR79U3TS8Q
kLvxzWp5F8QNnlfuL42sKA,AQxvwnwwRlcEgfVkbSMj4g
kLvxzWp5F8QNnlfuL42sKA,rcU7ysY41qGppbw4pQgjqg
kLvxzWp5F8QNnlfuL42sKA,dnQzdLHYduCH6tooEkiGYA
kLvxzWp5F8QNnlfuL42sKA,hoalCviFuUjjfV6t8dUf5g
kLvxzWp5F8QNnlfuL42sKA,c_YjHxlnDARw6UothG05sg
kLvxzWp5F8QNnlfuL42sKA,V9doxrjqG6S94V9WpHGr7w
kLvxzWp5F8QNnlfuL42sKA,DX9ojGfWMy16e_rY-dkG5g
kLvxzWp5F8QNnlfuL42sKA,zO04XBqeBWvfzosBEsiJ7A
kLvxzWp5F8QNnlfuL42sKA,ayQYQSAAe45Zeeb2Bp4vgw
kLvxzWp5F8QNnlfuL42sKA,R0UpTIyy6JPU9RBcPNkvFQ
kLvxzWp5F8QNnlfuL42sKA,mkrnYnkDXOHSz_T116PczA
kLvxzWp5F8QNnlfuL42sKA,ZkGEQxVKozRfPu6cofmDKQ
kLvxzWp5F8QNnlfuL42sKA,umfycipGFe09YGFH8tNyIg
kLvxzWp5F8QNnlfuL42sKA,cooyyc2ckSXgWvr8q01GMA
kLvxzWp5F8QNnlfuL42sKA,wJ-lAqXvk-bp1joQ5aqGSA
kLvxzWp5F8QNnlfuL42sKA,EZmocAborM6z66rTzeZxzQ
kLvxzWp5F8QNnlfuL42sKA,3aA4uaGPgK_5_ZlYbVs9rg
kLvxzWp5F8QNnlfuL42sKA,fp_jkccrULRlEI4GTvYoSA
kLvxzWp5F8QNnlfuL42sKA,KMZDZqP__XpDKM_pqq6eYQ
kLvxzWp5F8QNnlfuL42sKA,UucuUW_j1AwPRcO868aixw
kLvxzWp5F8QNnlfuL42sKA,OnGeBXTYpnOtMJBLUqJDCg
kLvxzWp5F8QNnlfuL42sKA,OOiKgdcA9jv0fc1akRJ0jw
kLvxzWp5F8QNnlfuL42sKA,mwQEpE8nZ-narl5zc3eMFA
kLvxzWp5F8QNnlfuL42sKA,cgNIzDnVy2q1DNtoOa2tcw
WO2NJ_beWE07f4kfXydanA,YsAPXV4j5-OVh-gj966W2w
WO2NJ_beWE07f4kfXydanA,mDJSGUfepps9sQ3q-UqjgA
WO2NJ_beWE07f4kfXydanA,088RHnhAEANbj5oWlQF2wg
WO2NJ_beWE07f4kfXydanA,oCkTZUVvsygANQWG2Zjpbg
WO2NJ_beWE07f4kfXydanA,DjCkPJLbAlvw0yJnOSKjgw
WO2NJ_beWE07f4kfXydanA,cEzz_mGm2WHeYqTe9LK2zA
WO2NJ_beWE07f4kfXydanA,LzYXi6KISzadCZkFmBqOKg
WO2NJ_beWE07f4kfXydanA,h03I7Qu12VlRw_y6ImWzmw
WO2NJ_beWE07f4kfXydanA,HZMP5Iau-u9K9MhFrvFczQ
WO2NJ_beWE07f4kfXydanA,P0YrL8kk4yXZF5sW6oMPSw
WO2NJ_beWE07f4kfXydanA,a_DzZ8Wtwn7sFhMb7yxLFA
WO2NJ_beWE07f4kfXydanA,dnQzdLHYduCH6tooEkiGYA
WO2NJ_beWE07f4kfXydanA,WeiuZ8SyKXMQEMq70ahcGw
WO2NJ_beWE07f4kfXydanA,Mbjj_ENbAaMMdFlIBSzjyA
WO2NJ_beWE07f4kfXydanA,DX9ojGfWMy16e_rY-dkG5g
WO2NJ_beWE07f4kfXydanA,3zxy3LVBV3ttxoYbY4rQ8A
WO2NJ_beWE07f4kfXydanA,5eKI5IE1LhtzUzE_DDWc8A
WO2NJ_beWE07f4kfXydanA,9aPhTC34PILldShZHzPi5g
WO2NJ_beWE07f4kfXydanA,fp_jkccrULRlEI4GTvYoSA
WO2NJ_beWE07f4kfXydanA,JfJg0X54k05KO1GJk5QKJA
WO2NJ_beWE07f4kfXydanA,OA-eps0MDNwnaThISWu-rw
WO2NJ_beWE07f4kfXydanA,r4RvHiChaTEtJ3s3QNVIqg
WO2NJ_beWE07f4kfXydanA,JzP98ahJzQEy9VZwq2JR-g
WO2NJ_beWE07f4kfXydanA,AQxvwnwwRlcEgfVkbSMj4g
WO2NJ_beWE07f4kfXydanA,0fcXVDi6zmRYs7t3hTpYkQ
WO2NJ_beWE07f4kfXydanA,W2bOQ3AuvN9RT9E4WWldvw
tgW8Nm-3QxhYbMHLlFkMhA,XSHj15tElZSv-TTKNH3pgw
tgW8Nm-3QxhYbMHLlFkMhA,OHzjW5h2ldd5JaqtQgqG1Q
tgW8Nm-3QxhYbMHLlFkMhA,brJ4gSpWf4UxCNRKqteRTg
tgW8Nm-3QxhYbMHLlFkMhA,3jT29a_FVu19HZv3yFgfVQ
tgW8Nm-3QxhYbMHLlFkMhA,BMw60-fK1YwbmRD65VWSKA
tgW8Nm-3QxhYbMHLlFkMhA,XmIyqvl9487pGH7gvrkjgg
tgW8Nm-3QxhYbMHLlFkMhA,5eKI5IE1LhtzUzE_DDWc8A
tgW8Nm-3QxhYbMHLlFkMhA,2kp4e139Uzv2EhlwBidfTw
tgW8Nm-3QxhYbMHLlFkMhA,0IQLMNdFdQhWaevTuGeYvg
tgW8Nm-3QxhYbMHLlFkMhA,B-qGFg6UmHLoemc60WhSfw
tgW8Nm-3QxhYbMHLlFkMhA,C71TqvTTodPYv7P1BZqpOQ
tgW8Nm-3QxhYbMHLlFkMhA,PTVLT2wEUrFgr_hT5uldoA
tgW8Nm-3QxhYbMHLlFkMhA,A2tiWj_vHFCoDSLz6WMyPA
tgW8Nm-3QxhYbMHLlFkMhA,Vi5aQ7KjPrIfA3DS1Z7odw
tgW8Nm-3QxhYbMHLlFkMhA,CBG3um4DlmwtSphCo5ENBg
tgW8Nm-3QxhYbMHLlFkMhA,OA-eps0MDNwnaThISWu-rw
tgW8Nm-3QxhYbMHLlFkMhA,EFxt50QmDncG5dpt-oLsTw
mYR2Kah8HG8sA4bcE1_Pfw,5eKI5IE1LhtzUzE_DDWc8A
mYR2Kah8HG8sA4bcE1_Pfw,ks-1ijnq79J6RXzBM91coA
mYR2Kah8HG8sA4bcE1_Pfw,5IMrBzCG2AfqngDup9fIXA
mYR2Kah8HG8sA4bcE1_Pfw,vMY4xaIpKeo6Oy6HDHxv3A
mYR2Kah8HG8sA4bcE1_Pfw,_7L85UxMHBP3H9DpNrXRFA
mYR2Kah8HG8sA4bcE1_Pfw,xUJOfwAOhQOOZFZqOArQJw
mYR2Kah8HG8sA4bcE1_Pfw,RvmsbT_pN8CFvfhOiNJGEg
mYR2Kah8HG8sA4bcE1_Pfw,ghVbjWC71c5DqwMtXMJ5JQ
mYR2Kah8HG8sA4bcE1_Pfw,qY8R64XPR6gKmMOyeFZvfQ
3yEF4RBACpCIcWNkT5z5dQ,5eKI5IE1LhtzUzE_DDWc8A
3yEF4RBACpCIcWNkT5z5dQ,QL_z28AkMHLTn_7MoSRLoQ
3yEF4RBACpCIcWNkT5z5dQ,0fcXVDi6zmRYs7t3hTpYkQ
3yEF4RBACpCIcWNkT5z5dQ,UQChHrqZjRYwFqhdyxjdmQ
3yEF4RBACpCIcWNkT5z5dQ,oqgc6uPpV1g7uwrWQzcV2Q
3yEF4RBACpCIcWNkT5z5dQ,hb8SLKc0-u_C29wr0laXjQ
3yEF4RBACpCIcWNkT5z5dQ,8zIBqHPtdKlT0bqOcXGxwg
3yEF4RBACpCIcWNkT5z5dQ,4diz_mcz2SiO1q8au1p8Lw
3yEF4RBACpCIcWNkT5z5dQ,X81sGji8rliPRunKBLfV3w
OlypwcHKi9yPWFpAIeaVpQ,vcmZvCANb59MspmQb9HqBg
OlypwcHKi9yPWFpAIeaVpQ,YSCTl_NHB99wOoac4vHwOg
OlypwcHKi9yPWFpAIeaVpQ,hT2Mw5m_SXBDVBuvA3KY-w
OlypwcHKi9yPWFpAIeaVpQ,rMvQLkIgoMhXXGU-4y-0Sg
OlypwcHKi9yPWFpAIeaVpQ,TXWTB18opNdMAjLiJiZ9Cg
OlypwcHKi9yPWFpAIeaVpQ,5gyKicux9puu7h40faTw7A
OlypwcHKi9yPWFpAIeaVpQ,LMoK9BUP6Tgfc0AeDVbZHQ
OlypwcHKi9yPWFpAIeaVpQ,i9NUpbJwjgFx5eynO_-UBw
OlypwcHKi9yPWFpAIeaVpQ,3zxy3LVBV3ttxoYbY4rQ8A
OlypwcHKi9yPWFpAIeaVpQ,L6HYfzv9p_00jW4zKRawpw
OlypwcHKi9yPWFpAIeaVpQ,OA-eps0MDNwnaThISWu-rw
OlypwcHKi9yPWFpAIeaVpQ,ZkGEQxVKozRfPu6cofmDKQ
OlypwcHKi9yPWFpAIeaVpQ,WSgiFuREvsve8UYSYHiqJA
OlypwcHKi9yPWFpAIeaVpQ,0fcXVDi6zmRYs7t3hTpYkQ
OlypwcHKi9yPWFpAIeaVpQ,5eKI5IE1LhtzUzE_DDWc8A
OlypwcHKi9yPWFpAIeaVpQ,gcxhdnXEHnnyQCSaLSlaEg
OlypwcHKi9yPWFpAIeaVpQ,CQUDh80m48xnzUkx-X5NAw
ch3wjnvvVIymmI9vwekG1A,5eKI5IE1LhtzUzE_DDWc8A
ch3wjnvvVIymmI9vwekG1A,k44CvppCKfHIxzizlkY1tA
ch3wjnvvVIymmI9vwekG1A,ckG7-tdMfxiukdA4jEnE1Q
ch3wjnvvVIymmI9vwekG1A,wN3TZf-PQnDV1vMwUbijQA
ch3wjnvvVIymmI9vwekG1A,pEyMnbJP9X-mGZYQddf6ew
ch3wjnvvVIymmI9vwekG1A,K51H2Tc0XED6uF0EOBd4ag
ch3wjnvvVIymmI9vwekG1A,eDxllA_lSwT6ayOJlx-tmg
ch3wjnvvVIymmI9vwekG1A,wnvzeyS3q-UcUeQhcmarNg
ch3wjnvvVIymmI9vwekG1A,jlGSVTn8kwf8oEVQFFw_-g
ch3wjnvvVIymmI9vwekG1A,s-sL4B_tlE62PaJcSqOU3w
ch3wjnvvVIymmI9vwekG1A,liXQnWwEzskj-RQvwXrZ9A
ch3wjnvvVIymmI9vwekG1A,_1SJzT7QAM83hvQBhB6PMQ
32kX9VmpI87pE8qGT2gjPA,qhT6IHKjf2gcngn5pZirTg
32kX9VmpI87pE8qGT2gjPA,6tbXpUIU6upoeqWNDo9k_A
32kX9VmpI87pE8qGT2gjPA,Cz4Rfk63a6NL1OdJzmj1ag
32kX9VmpI87pE8qGT2gjPA,5eKI5IE1LhtzUzE_DDWc8A
32kX9VmpI87pE8qGT2gjPA,q0tbrlAMpZkvT2JdkgyRrQ
32kX9VmpI87pE8qGT2gjPA,3zxy3LVBV3ttxoYbY4rQ8A
32kX9VmpI87pE8qGT2gjPA,2XYOJGA51L0drUTVPqJZoA
32kX9VmpI87pE8qGT2gjPA,0fcXVDi6zmRYs7t3hTpYkQ
32kX9VmpI87pE8qGT2gjPA,NhSA4WjZzXNoayizPn-xNA
32kX9VmpI87pE8qGT2gjPA,UucuUW_j1AwPRcO868aixw
32kX9VmpI87pE8qGT2gjPA,OA-eps0MDNwnaThISWu-rw
TGVj6n3gPQXT3ImDTdWc9Q,VlGmLO-xZrUpad3e-DLNZg
TGVj6n3gPQXT3ImDTdWc9Q,_dy1UXsoPG5Zq4Fhwm4GBg
TGVj6n3gPQXT3ImDTdWc9Q,3Str0P10f6n6345N04LOig
TGVj6n3gPQXT3ImDTdWc9Q,5eKI5IE1LhtzUzE_DDWc8A
TGVj6n3gPQXT3ImDTdWc9Q,XEwEdPIjryudxfU098wapg
vIpiBDVGVPXsf_DzqwFyHQ,0fcXVDi6zmRYs7t3hTpYkQ
vIpiBDVGVPXsf_DzqwFyHQ,yZzN-0jhC7Wf4405PSR16w
vIpiBDVGVPXsf_DzqwFyHQ,RZiAZ0v-f9g_rAJpLFf-fg
vIpiBDVGVPXsf_DzqwFyHQ,9aPhTC34PILldShZHzPi5g
vIpiBDVGVPXsf_DzqwFyHQ,75LoCYSLtNMVpPrsanJPLA
vIpiBDVGVPXsf_DzqwFyHQ,90VWzJBFKG-viA4g7XlP3A
YMkdlZLq9mJU1OpYhVPj2w,OA-eps0MDNwnaThISWu-rw
YMkdlZLq9mJU1OpYhVPj2w,5eKI5IE1LhtzUzE_DDWc8A
YMkdlZLq9mJU1OpYhVPj2w,ljFkDj_92Ed3Uqb8nBCJkA
YMkdlZLq9mJU1OpYhVPj2w,4AGvs3jpI8ksXuac-gvrEA
YMkdlZLq9mJU1OpYhVPj2w,3FtrFistL9LNUmFtHEzryQ
YMkdlZLq9mJU1OpYhVPj2w,3PZvRIFTLz7OCwhrV8rIeg
YMkdlZLq9mJU1OpYhVPj2w,3ESTjuchNDfpep6Fmhvnaw
YMkdlZLq9mJU1OpYhVPj2w,j-2Z7cEyuUW0vZpfcMJ9og
arClkvdti1PnM2vhILmFeg,5O0ejMUB7XHzyTf1rLu2zQ
arClkvdti1PnM2vhILmFeg,3zxy3LVBV3ttxoYbY4rQ8A
arClkvdti1PnM2vhILmFeg,TE199OBEeJ4gmtRo-2kOfw
arClkvdti1PnM2vhILmFeg,gYm5WujteCSMhwdA2jqqzg
arClkvdti1PnM2vhILmFeg,teMqdHTaJDnUenJG8lh2_g
arClkvdti1PnM2vhILmFeg,C0m91suij9CJED7B990EBA
arClkvdti1PnM2vhILmFeg,09BVSK2BeCopebFI6plOIQ
arClkvdti1PnM2vhILmFeg,_dy1UXsoPG5Zq4Fhwm4GBg
arClkvdti1PnM2vhILmFeg,lpYf3kPjvPyA6ZeiFIW6Mg
arClkvdti1PnM2vhILmFeg,hHu0NUkvUuTV6FdQO_1zkw
arClkvdti1PnM2vhILmFeg,HZMP5Iau-u9K9MhFrvFczQ
arClkvdti1PnM2vhILmFeg,P84rG4RnAlf8HwZYAJntag
arClkvdti1PnM2vhILmFeg,2-uPQg3c1SrvRaeQc7pd1g
arClkvdti1PnM2vhILmFeg,5eKI5IE1LhtzUzE_DDWc8A
arClkvdti1PnM2vhILmFeg,ez24d08Qyqb7mCKEuTaifQ
arClkvdti1PnM2vhILmFeg,wQm00EPaU0lWcHq-NzBVHg
arClkvdti1PnM2vhILmFeg,tYCvxTCYgFHR9ZUyAeInrg
arClkvdti1PnM2vhILmFeg,q3zGja1DWAr5X3FRzLLrrQ
arClkvdti1PnM2vhILmFeg,4w5ktuZzKDoy1TzXHb1tqw
arClkvdti1PnM2vhILmFeg,Y9xpXOwZdcgWmJ14kblNRw
arClkvdti1PnM2vhILmFeg,AQxvwnwwRlcEgfVkbSMj4g
arClkvdti1PnM2vhILmFeg,g4Dl3sUv_U375Kid0LWaYg
arClkvdti1PnM2vhILmFeg,98uzhBtpEBf-daoQ4x_VOA
arClkvdti1PnM2vhILmFeg,V9doxrjqG6S94V9WpHGr7w
arClkvdti1PnM2vhILmFeg,ECFPcA5tiKc5ZGu38MhR_g
arClkvdti1PnM2vhILmFeg,0fcXVDi6zmRYs7t3hTpYkQ
ibINWeLGoC5ffEbJ2_KhOw,Fw8fo5h4tCbRHfb4l5DtOQ
ibINWeLGoC5ffEbJ2_KhOw,3Eo-Sadwm7RgLAIjhDYtpQ
ibINWeLGoC5ffEbJ2_KhOw,EZG0zqy-AgFeZDwjHalGZQ
ibINWeLGoC5ffEbJ2_KhOw,mzBJO1R3TtkIyL3GdoEvRQ
ibINWeLGoC5ffEbJ2_KhOw,Hi10sGSZNxQH3NLyWSZ1oA
ibINWeLGoC5ffEbJ2_KhOw,tV1p7CDj6WfpwPM58gHjRw
ibINWeLGoC5ffEbJ2_KhOw,jGCaMUG4qVLiBzO1IaESLg
ibINWeLGoC5ffEbJ2_KhOw,4Xbiaa_X-AogNlIX_f-miA
ibINWeLGoC5ffEbJ2_KhOw,ABHC0TDjGXZiLBVsml2SIA
ibINWeLGoC5ffEbJ2_KhOw,RovLGJivh7cBJZ8-aa9THQ
ibINWeLGoC5ffEbJ2_KhOw,U4INQZOPSUaj8hMjLlZ3KA
ibINWeLGoC5ffEbJ2_KhOw,q_q2ADTYBygQXQMOPrKTvg
ibINWeLGoC5ffEbJ2_KhOw,Ult681KMSYmgJZBGYlhFwg
ibINWeLGoC5ffEbJ2_KhOw,v7jL1Ku9qESABm6rECX1cQ
ibINWeLGoC5ffEbJ2_KhOw,DOj9NanlJP3xntULCy5Uow
ibINWeLGoC5ffEbJ2_KhOw,lzmuDdCxM2_ERbxzZNikXg
HqZVWvzk2ZSPWF4WjVn1oA,MDWRIJ2EjU-qmc4fKvMecA
HqZVWvzk2ZSPWF4WjVn1oA,1oSBCaDXbO-7XByu6e_mBw
HqZVWvzk2ZSPWF4WjVn1oA,DQZIUftttXAUGo53-dA6Hw
HqZVWvzk2ZSPWF4WjVn1oA,arvsBCF_P2KvdVAMyc9Bng
HqZVWvzk2ZSPWF4WjVn1oA,DYPHsYoAcy2VP9EXXf_K9Q
HqZVWvzk2ZSPWF4WjVn1oA,t2zS6yiIzLEv7tTboNts0w
HqZVWvzk2ZSPWF4WjVn1oA,8aYSJMhhftaXYTtXQIGPGQ
BwNM3dlXVMoVzgQwCdx97Q,SiOzinqCiU2f-ufJoThobg
BwNM3dlXVMoVzgQwCdx97Q,5eKI5IE1LhtzUzE_DDWc8A
BwNM3dlXVMoVzgQwCdx97Q,0fcXVDi6zmRYs7t3hTpYkQ
BwNM3dlXVMoVzgQwCdx97Q,hYRbFvJZGgJktISMQmQ--w
BwNM3dlXVMoVzgQwCdx97Q,YU8frNuMEW6ErBRSBjQAHw
BwNM3dlXVMoVzgQwCdx97Q,1y_sdmVz1vbPC_yVloT3TQ
BwNM3dlXVMoVzgQwCdx97Q,dXeVOV62NhpnbFaNlB6Kcw
BwNM3dlXVMoVzgQwCdx97Q,urErX6BV3zBfWJe9VwL28g
BwNM3dlXVMoVzgQwCdx97Q,3zxy3LVBV3ttxoYbY4rQ8A
ecsgy2Wz1w3x4GSNdD39qw,5eKI5IE1LhtzUzE_DDWc8A
ecsgy2Wz1w3x4GSNdD39qw,ir5oBlyL9skDTH9T21ZsMA
ecsgy2Wz1w3x4GSNdD39qw,cg_ZT95AEhgymLRNWGR9dg
ecsgy2Wz1w3x4GSNdD39qw,D26UPQnvSsPRaRMrLNJkUQ
ecsgy2Wz1w3x4GSNdD39qw,kTN9Dz2u5qIvTcVBj_n2zg
ecsgy2Wz1w3x4GSNdD39qw,mjwONcheho51BlMNxv2PVw
ecsgy2Wz1w3x4GSNdD39qw,EXM6NteaQ_Rl1W5PvOtSZQ
XmIyqvl9487pGH7gvrkjgg,iJVsB4SST-yiBE24e54KBQ
XmIyqvl9487pGH7gvrkjgg,5oYzKrAKw3slS4KC-Kf98w
XmIyqvl9487pGH7gvrkjgg,gZw1id74TKsRSYCEP7K2jg
XmIyqvl9487pGH7gvrkjgg,P5BV_iwGwIrovBQbsFfp3A
XmIyqvl9487pGH7gvrkjgg,oYm25ifVn5wwkbcezOSimw
XmIyqvl9487pGH7gvrkjgg,jUd4tvX0jcyKUe5qoZJRjw
XmIyqvl9487pGH7gvrkjgg,jFvWg4ScJ3gdH_dLrJlsWg
XmIyqvl9487pGH7gvrkjgg,9mfVtZkVI6OQtVaOqzIwLA
XmIyqvl9487pGH7gvrkjgg,z4Bvefqd1bV7hwAuM7LJbw
XmIyqvl9487pGH7gvrkjgg,1-O-8g-yuIR3oCM1rnk2Rw
XmIyqvl9487pGH7gvrkjgg,erywWqnqC4dVQ3b9gf52Dw
XmIyqvl9487pGH7gvrkjgg,nx7hGb1sjJFtmdNh5RHYQg
XmIyqvl9487pGH7gvrkjgg,SWQJpfdTY40TnDwyzTzhxg
XmIyqvl9487pGH7gvrkjgg,GBpNqOLtdEHFNQ3X4DXEWw
XmIyqvl9487pGH7gvrkjgg,rJ6DGe08ChPnc-S6kYgLQA
XmIyqvl9487pGH7gvrkjgg,GYwyxg6vZNH6S8hV2TIeRQ
XmIyqvl9487pGH7gvrkjgg,4xcjS_64MEHfO4sngneFEQ
XmIyqvl9487pGH7gvrkjgg,rSsbCUYJpw0mkqZ-Hwlj3Q
XmIyqvl9487pGH7gvrkjgg,mX-mhh_9d86kDUQ8KI0dsQ
XmIyqvl9487pGH7gvrkjgg,JjXuiru1_ONzDkYVrHN0aw
XmIyqvl9487pGH7gvrkjgg,Z_8clYC-IkqrfHcTCjzAiA
XmIyqvl9487pGH7gvrkjgg,r1EfBdmi_n_YvpW8Az0Pog
XmIyqvl9487pGH7gvrkjgg,ix3gFqguNvvu4klHfxJINg
XmIyqvl9487pGH7gvrkjgg,jXE0JckCU6jr3Z_jznNWfA
XmIyqvl9487pGH7gvrkjgg,kBR_t3Tr2XcJOfystjrvWw
XmIyqvl9487pGH7gvrkjgg,XY_Dzvbw1nZ60Y1kykYOgg
XmIyqvl9487pGH7gvrkjgg,OI2siIb4Ts4iOlG5iLvgbA
XmIyqvl9487pGH7gvrkjgg,Pzl8mm4dsAajacBhpoGFWw
XmIyqvl9487pGH7gvrkjgg,BgZwJBhVWKq1Urs4rKBdiA
XmIyqvl9487pGH7gvrkjgg,bIl97HdV3KN1o5lrWS1srQ
XmIyqvl9487pGH7gvrkjgg,O3i0TpSn9d4PmbMJ8nEnDg
XmIyqvl9487pGH7gvrkjgg,gYm5WujteCSMhwdA2jqqzg
XmIyqvl9487pGH7gvrkjgg,grRMMp4PP5_2uKtvGEfnLg
XmIyqvl9487pGH7gvrkjgg,Lh_NctHvWYRhCoCN5ZrKZg
XmIyqvl9487pGH7gvrkjgg,DeEZC59SHjsr0RnkCItJKw
XmIyqvl9487pGH7gvrkjgg,-3QVbwj2dec_iud40vdQ7g
XmIyqvl9487pGH7gvrkjgg,j9Z1dcoZrwn8Ul9JTnjjug
XmIyqvl9487pGH7gvrkjgg,N0zPkywxRWcdwIdDydRjsg
XmIyqvl9487pGH7gvrkjgg,L7oY2iSaiufya9HP1FLHeA
XmIyqvl9487pGH7gvrkjgg,HGN0bwMouXRN8UPDlCw9_Q
XmIyqvl9487pGH7gvrkjgg,xywXoLnG7qWIayFu8oZQgQ
XmIyqvl9487pGH7gvrkjgg,HfA5JZ1I30tUZfPrfW9eJw
XmIyqvl9487pGH7gvrkjgg,TpOtuE7tdW3pPDUqqrfT2A
XmIyqvl9487pGH7gvrkjgg,uyeGR0lspsXVarqrUZcYjw
XmIyqvl9487pGH7gvrkjgg,Loy_OwzzcZTA8vQMrzSU9w
XmIyqvl9487pGH7gvrkjgg,K2VZMLykxnctDXWgO23lJg
XmIyqvl9487pGH7gvrkjgg,L4iT9ZCNxS2YxTzc2G5ucg
XmIyqvl9487pGH7gvrkjgg,y8V7jjbxHXNKCqVETWjvWw
XmIyqvl9487pGH7gvrkjgg,UYcmGbelzRa0Q6JqzLoguw
XmIyqvl9487pGH7gvrkjgg,akIT5kBs_251GPscAYQllg
XmIyqvl9487pGH7gvrkjgg,oeFiWvoOG0hpMOXXxblfyQ
XmIyqvl9487pGH7gvrkjgg,1uyRSN7t4O-2M7AcIJZ-gw
of5pT1ZSVAPmhPCrrucKuQ,5eKI5IE1LhtzUzE_DDWc8A
of5pT1ZSVAPmhPCrrucKuQ,NdOb1Ao1w8UVnt7hOQ2Elg
of5pT1ZSVAPmhPCrrucKuQ,FumTQNIlKA6j3CqbUgswXA
of5pT1ZSVAPmhPCrrucKuQ,FxBfuhlJuEljR37RpuDhjA
of5pT1ZSVAPmhPCrrucKuQ,ez24d08Qyqb7mCKEuTaifQ
of5pT1ZSVAPmhPCrrucKuQ,Aj1yUtWscmHXkqpcn6QEwg
of5pT1ZSVAPmhPCrrucKuQ,IC76h3RaEg3ohoiGEdM0Gg
of5pT1ZSVAPmhPCrrucKuQ,aDTnRFeDqXMXMuvB2oEEKA
of5pT1ZSVAPmhPCrrucKuQ,O2odcmZxVBUKVFbYPfC7iQ
of5pT1ZSVAPmhPCrrucKuQ,nhhree-umnvKk9kfK-fhhg
of5pT1ZSVAPmhPCrrucKuQ,z4WevL0CrJuSdtBCIp5EPw
of5pT1ZSVAPmhPCrrucKuQ,Ex-7mCtqdAvu-WB6uRXjPg
of5pT1ZSVAPmhPCrrucKuQ,UucuUW_j1AwPRcO868aixw
of5pT1ZSVAPmhPCrrucKuQ,_xWI2lzpvDjyOYAcI7AuKA
of5pT1ZSVAPmhPCrrucKuQ,4AGvs3jpI8ksXuac-gvrEA
gfdr_hQYgygCZLD_mvC2DA,_uXsvqMJYALJLaP0DaCWsw
gfdr_hQYgygCZLD_mvC2DA,GxXbVbn7XxNzSYeZgsMIKA
gfdr_hQYgygCZLD_mvC2DA,DxrC-_tYIn7Xmz2eoEieNw
gfdr_hQYgygCZLD_mvC2DA,5eKI5IE1LhtzUzE_DDWc8A
gfdr_hQYgygCZLD_mvC2DA,x0hiPGlQkZmYDKlxGW_twg
JfJg0X54k05KO1GJk5QKJA,fT-S1at7F7nJ0ZF-WWDOYQ
JfJg0X54k05KO1GJk5QKJA,5eKI5IE1LhtzUzE_DDWc8A
JfJg0X54k05KO1GJk5QKJA,0F2BkElcqlW2rDuCxICjDQ
JfJg0X54k05KO1GJk5QKJA,IWcBraRNX-AK8dWMXg5RVA
JfJg0X54k05KO1GJk5QKJA,5fWXa_0ogCs5inSqUpUVZw
JfJg0X54k05KO1GJk5QKJA,gakrUpYyk0PGgKpfA6TPKw
JfJg0X54k05KO1GJk5QKJA,C4zmzpA3lFVdxjEH6_NAEg
JfJg0X54k05KO1GJk5QKJA,ZkGEQxVKozRfPu6cofmDKQ
JfJg0X54k05KO1GJk5QKJA,XY4cq0bc0w4oFvvQaCGRxQ
JfJg0X54k05KO1GJk5QKJA,b0NejmqspQDDF1UrSqqTBg
JfJg0X54k05KO1GJk5QKJA,u5xRYdVlNHx0AsUt8JFBtQ
JfJg0X54k05KO1GJk5QKJA,WO2NJ_beWE07f4kfXydanA
JfJg0X54k05KO1GJk5QKJA,_iXst4txxHr1Q1pJMLV_CA
JfJg0X54k05KO1GJk5QKJA,id_OdtTzL59hJ3T4ZroZsA
JfJg0X54k05KO1GJk5QKJA,teMqdHTaJDnUenJG8lh2_g
JfJg0X54k05KO1GJk5QKJA,RZiAZ0v-f9g_rAJpLFf-fg
JfJg0X54k05KO1GJk5QKJA,Vhcl5AFuaBsmU1-aWv7WMQ
JfJg0X54k05KO1GJk5QKJA,lpYf3kPjvPyA6ZeiFIW6Mg
JfJg0X54k05KO1GJk5QKJA,OnGeBXTYpnOtMJBLUqJDCg
JfJg0X54k05KO1GJk5QKJA,DR0Jmm9Eou_uxiQhhvkcYA
JfJg0X54k05KO1GJk5QKJA,jC9IUMg0COoAwrc1j8sKTw
JfJg0X54k05KO1GJk5QKJA,0fcXVDi6zmRYs7t3hTpYkQ
JfJg0X54k05KO1GJk5QKJA,rmVc2Yixr4xqja1bU_6HTA
JfJg0X54k05KO1GJk5QKJA,ytVf6Ar_QwqFiL08plIfOQ
JfJg0X54k05KO1GJk5QKJA,XEwEdPIjryudxfU098wapg
JfJg0X54k05KO1GJk5QKJA,YFt1I_oYaqrde7WcJTRF5Q
JfJg0X54k05KO1GJk5QKJA,9ijbmFSJc1hE1GruA4lOIQ
JfJg0X54k05KO1GJk5QKJA,N3sz6d1QzcKOOi-nF8yI7A
JfJg0X54k05KO1GJk5QKJA,cpyf07RSNpjfSIg-pA99TA
JfJg0X54k05KO1GJk5QKJA,lvthTfCQGD0qaEk6jCdRdQ
JfJg0X54k05KO1GJk5QKJA,LQ5RhHqxPCrSknL8x6kYSA
JfJg0X54k05KO1GJk5QKJA,39-riA9k_vZAaCCmnoLnDQ
JfJg0X54k05KO1GJk5QKJA,VBuNHiwxaXjHYbcS5vOZyw
JfJg0X54k05KO1GJk5QKJA,ZxpCPmboOkg45QM_ofEnVA
JfJg0X54k05KO1GJk5QKJA,HzeVbLwHoWdNGA1IYWJ-nw
JfJg0X54k05KO1GJk5QKJA,ieGRxD5lUjMEEQSBqdXpEw
JfJg0X54k05KO1GJk5QKJA,hSY0HclJhbVbyfSkRYQfTA
JfJg0X54k05KO1GJk5QKJA,3aA4uaGPgK_5_ZlYbVs9rg
JfJg0X54k05KO1GJk5QKJA,Ase_kJIYuT6yOsqqVPuWUA
JfJg0X54k05KO1GJk5QKJA,YIR_JJbPwPAq9yh12TbL7w
JfJg0X54k05KO1GJk5QKJA,tP2W0eKPvv_tXWN52P-xsQ
T4L1mTz2Shd9VpVIb1fZoQ,0fcXVDi6zmRYs7t3hTpYkQ
T4L1mTz2Shd9VpVIb1fZoQ,5eKI5IE1LhtzUzE_DDWc8A
T4L1mTz2Shd9VpVIb1fZoQ,SXBgay-qGC8TWRhC-v-kQg
T4L1mTz2Shd9VpVIb1fZoQ,TIyFjJ6EWu-vo1JOLumSQA
T4L1mTz2Shd9VpVIb1fZoQ,RZiAZ0v-f9g_rAJpLFf-fg
T4L1mTz2Shd9VpVIb1fZoQ,radRAzmVnzN4yNpAYgtD6g
T4L1mTz2Shd9VpVIb1fZoQ,545fkD9lBoNUDltfdMmdsQ
T4L1mTz2Shd9VpVIb1fZoQ,ymOWPVAV4RkgU6QmVEOnNw
T4L1mTz2Shd9VpVIb1fZoQ,OA-eps0MDNwnaThISWu-rw
T4L1mTz2Shd9VpVIb1fZoQ,SbpGncVoxFIi_J2xOelJYQ
T4L1mTz2Shd9VpVIb1fZoQ,O2odcmZxVBUKVFbYPfC7iQ
T4L1mTz2Shd9VpVIb1fZoQ,HFau9fVFXOBExeXS6xXgVw
T4L1mTz2Shd9VpVIb1fZoQ,IC1H9AgTM-5WcbNK0qG9fg
U08FBOaRQCk-IAcHPAxzKA,VZNWqQD2V5jukp0sPcD2lw
U08FBOaRQCk-IAcHPAxzKA,coKnuxLznH0FHb34m4ZLCw
U08FBOaRQCk-IAcHPAxzKA,iLjMdZi0Tm7DQxX1C1_2dg
U08FBOaRQCk-IAcHPAxzKA,UtwKp1tiV4lvVCq-BIiyfw
U08FBOaRQCk-IAcHPAxzKA,kCIgy39IkJNIEYGHH-fbJg
U08FBOaRQCk-IAcHPAxzKA,6VJ59-CVWWKhOvCk8clrSw
U08FBOaRQCk-IAcHPAxzKA,hq6wwhgImByBXH4bnyY59Q
U08FBOaRQCk-IAcHPAxzKA,OqLSrRwsOIkDM2mcd635mg
U08FBOaRQCk-IAcHPAxzKA,PcmsD3rA01ZW2I2B3KUn1Q
U08FBOaRQCk-IAcHPAxzKA,A0uy2VsV3U5LWpy7hvrcVA
U08FBOaRQCk-IAcHPAxzKA,3kJ9uPDDD-l8Kri-TfAmng
U08FBOaRQCk-IAcHPAxzKA,OoeEtZgimiSh3MJA15PBYQ
U08FBOaRQCk-IAcHPAxzKA,evDmfYHbxqDAy8_27bAUNg
U08FBOaRQCk-IAcHPAxzKA,jrMxBHW3SlUGVGYWvPsHWA
U08FBOaRQCk-IAcHPAxzKA,BzLUyHSJrl-lUVWw9rqlvQ
U08FBOaRQCk-IAcHPAxzKA,9akppeqi5dnaIqPyJ75aCw
U08FBOaRQCk-IAcHPAxzKA,2vFUeQGnG8zdLSQkwfChog
U08FBOaRQCk-IAcHPAxzKA,2x-iSTW_ph_O0bf4I3yE8A
U08FBOaRQCk-IAcHPAxzKA,0nKVyF07hoVJqDVJjUj_ww
U08FBOaRQCk-IAcHPAxzKA,1RnJ1Uvl_W92eyOIQyudZA
U08FBOaRQCk-IAcHPAxzKA,leYHa8TRBmFbh87npQrkSA
U08FBOaRQCk-IAcHPAxzKA,H34S954LT8OZVLJVJB6bpg
U08FBOaRQCk-IAcHPAxzKA,evRwCG9m-lwfL5TeCwrAhg
U08FBOaRQCk-IAcHPAxzKA,NK-zIxHMuTnLRU0RhoZWqw
U08FBOaRQCk-IAcHPAxzKA,peuxbSQwXed-81cSqL7Ykw
U08FBOaRQCk-IAcHPAxzKA,rq3S_5Yg0E8ur0xWyZBczw
U08FBOaRQCk-IAcHPAxzKA,i7K7MR8Nz1jiFbRS1D4D6A
U08FBOaRQCk-IAcHPAxzKA,QLAL6eC7ADS8rDceWidLqA
eBPovHBx27RAFVjgtOWMKw,DlusV0zowbPLbJuo5zKIOg
eBPovHBx27RAFVjgtOWMKw,XF2p8D1urXeZWww3hWUpCw
eBPovHBx27RAFVjgtOWMKw,rvhGFOZ-tK4dQWWqf2SjEQ
eBPovHBx27RAFVjgtOWMKw,EXM6NteaQ_Rl1W5PvOtSZQ
eBPovHBx27RAFVjgtOWMKw,1btE8njNXjtyUA0WyY2Avw
eBPovHBx27RAFVjgtOWMKw,yu4GQJLF77XVF8yxJzSyfA
eBPovHBx27RAFVjgtOWMKw,N0xxo7UBhhPT81Ukzt2K3g
eBPovHBx27RAFVjgtOWMKw,2i0A5OoKyiwskqvnkGq7cA
eBPovHBx27RAFVjgtOWMKw,98uzhBtpEBf-daoQ4x_VOA
eBPovHBx27RAFVjgtOWMKw,AQxvwnwwRlcEgfVkbSMj4g
eBPovHBx27RAFVjgtOWMKw,KxUhZ53EmWp_xJLYgVPe9g
eBPovHBx27RAFVjgtOWMKw,93dwjcTRKu15i2RFuq-akA
eBPovHBx27RAFVjgtOWMKw,nDS68-Z9x21817kgKECNcQ
eBPovHBx27RAFVjgtOWMKw,3xBFFH866WoySDG7uuwBSQ
eBPovHBx27RAFVjgtOWMKw,B_4cl4IGRqYb0wQSe-rYjQ
eBPovHBx27RAFVjgtOWMKw,KKblXUNxSGCewpDxiiSRQA
eBPovHBx27RAFVjgtOWMKw,nKa_r2ajf6YCELH2qmckrg
eBPovHBx27RAFVjgtOWMKw,rSsbCUYJpw0mkqZ-Hwlj3Q
eBPovHBx27RAFVjgtOWMKw,M5gUQsyH1Ox-ulbAXECKAw
eBPovHBx27RAFVjgtOWMKw,QhgsnWKfRYg8iAB-d2qKTQ
eBPovHBx27RAFVjgtOWMKw,3zxy3LVBV3ttxoYbY4rQ8A
eBPovHBx27RAFVjgtOWMKw,fmzIm7RxEdii5Jz44PtO7g
eBPovHBx27RAFVjgtOWMKw,5eKI5IE1LhtzUzE_DDWc8A
eBPovHBx27RAFVjgtOWMKw,Uayg2GPav1a0RkV2WejrIQ
eBPovHBx27RAFVjgtOWMKw,n8A60FDNu9QXcdzvWQMmVg
eBPovHBx27RAFVjgtOWMKw,OA-eps0MDNwnaThISWu-rw
eBPovHBx27RAFVjgtOWMKw,z_ueJdSU51z4RTU9Fg5Ikg
eBPovHBx27RAFVjgtOWMKw,fp_jkccrULRlEI4GTvYoSA
eBPovHBx27RAFVjgtOWMKw,gFgR3l_U8lH5JTZ8GwrPeQ
eBPovHBx27RAFVjgtOWMKw,tq_D5idg5kllCLaFcRlnaQ
aE3_m_nBfzVKRExDB-HJhg,WZK9_7lPTa2QuXknWeLrcg
aE3_m_nBfzVKRExDB-HJhg,aHVk14k378FjNLQQYYxkxA
aE3_m_nBfzVKRExDB-HJhg,1I8z2E--0mcCVJUEPVDCXw
aE3_m_nBfzVKRExDB-HJhg,kyiTnxR9oqcWPiU3JnYHUQ
aE3_m_nBfzVKRExDB-HJhg,w7dWeK2SKc4AJH00pgm8qw
aE3_m_nBfzVKRExDB-HJhg,zl75qAtJr_RheU3d4D8GgQ
aE3_m_nBfzVKRExDB-HJhg,5UDpc2CMOgbf3GePS6SGVA
aE3_m_nBfzVKRExDB-HJhg,5eKI5IE1LhtzUzE_DDWc8A
aE3_m_nBfzVKRExDB-HJhg,dXnlJ6ELbqIAfB79g3t3ag
aE3_m_nBfzVKRExDB-HJhg,tcc8ohDuBXXKZBus9K32ow
aE3_m_nBfzVKRExDB-HJhg,frY06giXHBDcSQLIQcQqEQ
aE3_m_nBfzVKRExDB-HJhg,QjwUY8NaovR5qKQd60RhaA
aE3_m_nBfzVKRExDB-HJhg,NIaj2mcreClg7-_YMcev5w
aE3_m_nBfzVKRExDB-HJhg,DOs0bAoL2wDS4AlfoidQ4A
aE3_m_nBfzVKRExDB-HJhg,pOdPIaPV6HjuflEa17g1aA
aE3_m_nBfzVKRExDB-HJhg,WgJ8qdsT-GyARRkaog9zxw
aE3_m_nBfzVKRExDB-HJhg,xR1LH3yUVPIhrg2kZHQSdQ
aE3_m_nBfzVKRExDB-HJhg,27smv7r1-iOj84mJ9UJhgw
aE3_m_nBfzVKRExDB-HJhg,z8EHA8d_bJaKkIdTEv_NgQ
aE3_m_nBfzVKRExDB-HJhg,HdvAosQHAHACOWnmpB6UBw
p6NnhV7HHFlNmfShh1IKyw,ez24d08Qyqb7mCKEuTaifQ
p6NnhV7HHFlNmfShh1IKyw,66RFFjfiOgachspRdKPr1w
p6NnhV7HHFlNmfShh1IKyw,5eKI5IE1LhtzUzE_DDWc8A
p6NnhV7HHFlNmfShh1IKyw,ydoGz8H86BxeUDyHWPlkBw
p6NnhV7HHFlNmfShh1IKyw,VdlFP8BRzU30il4lDUUtVQ
p6NnhV7HHFlNmfShh1IKyw,hOMIk78-oMintDkm1lew5A
p6NnhV7HHFlNmfShh1IKyw,hdzTAN8DGJKRddkZ8279JQ
p6NnhV7HHFlNmfShh1IKyw,gqL5KBs2oS7qobnyd99iKg
p6NnhV7HHFlNmfShh1IKyw,h4TPrQW-YrCO12PwAIEWhQ
tFLqHyH69i6TaEpcZ82_fA,5O0ejMUB7XHzyTf1rLu2zQ
tFLqHyH69i6TaEpcZ82_fA,_Xp4Pr71Gfg2Q6qRQbubow
tFLqHyH69i6TaEpcZ82_fA,5eKI5IE1LhtzUzE_DDWc8A
tFLqHyH69i6TaEpcZ82_fA,NTev0eZnBSCB5adHrObuzQ
tFLqHyH69i6TaEpcZ82_fA,CsBCxUumiMviu7uhRD5wRg
tFLqHyH69i6TaEpcZ82_fA,98uzhBtpEBf-daoQ4x_VOA
tFLqHyH69i6TaEpcZ82_fA,3zxy3LVBV3ttxoYbY4rQ8A
tFLqHyH69i6TaEpcZ82_fA,jEi4OukVCMbOg-JMhI3Sqw
tFLqHyH69i6TaEpcZ82_fA,AQxvwnwwRlcEgfVkbSMj4g
tFLqHyH69i6TaEpcZ82_fA,teMqdHTaJDnUenJG8lh2_g
tFLqHyH69i6TaEpcZ82_fA,0fcXVDi6zmRYs7t3hTpYkQ
GbjI-ti7-da1MMmVZtwlSA,qqq14OFf-qUfgBkCf_X90g
GbjI-ti7-da1MMmVZtwlSA,rVLTC95ZV7yCmbQbSVdX1w
GbjI-ti7-da1MMmVZtwlSA,5eKI5IE1LhtzUzE_DDWc8A
GbjI-ti7-da1MMmVZtwlSA,0fcXVDi6zmRYs7t3hTpYkQ
GbjI-ti7-da1MMmVZtwlSA,txSDhKbECf1mjLVsNGWjcw
GbjI-ti7-da1MMmVZtwlSA,zh5LqaNB-bvx8DpfMvz5rA
GbjI-ti7-da1MMmVZtwlSA,kLvxzWp5F8QNnlfuL42sKA
GbjI-ti7-da1MMmVZtwlSA,yZzN-0jhC7Wf4405PSR16w
GbjI-ti7-da1MMmVZtwlSA,GYwyxg6vZNH6S8hV2TIeRQ
GbjI-ti7-da1MMmVZtwlSA,Khe-fzQpJ0xPlPwFckBjHA
GbjI-ti7-da1MMmVZtwlSA,gkDqjjTwyDR8aVY9ZTW5KA
GbjI-ti7-da1MMmVZtwlSA,rkdE06BbheP4gEhb3ooH0w
GbjI-ti7-da1MMmVZtwlSA,h9GzK4t395V_zhNMTEfDAQ
GbjI-ti7-da1MMmVZtwlSA,5fWXa_0ogCs5inSqUpUVZw
GbjI-ti7-da1MMmVZtwlSA,ZkGEQxVKozRfPu6cofmDKQ
GbjI-ti7-da1MMmVZtwlSA,dnQzdLHYduCH6tooEkiGYA
GbjI-ti7-da1MMmVZtwlSA,rhEoI8MpcXQ2-Y_c0zXFqA
GbjI-ti7-da1MMmVZtwlSA,oLCpsyBSuzMSIERG0b9tfQ
GbjI-ti7-da1MMmVZtwlSA,hizGc5W1tBHPghM5YKCAtg
GbjI-ti7-da1MMmVZtwlSA,Pl08qWHktisxtpKvvxyQyA
GbjI-ti7-da1MMmVZtwlSA,bgAwpv9WxE4-txsUd2jasQ
GbjI-ti7-da1MMmVZtwlSA,3zxy3LVBV3ttxoYbY4rQ8A
GbjI-ti7-da1MMmVZtwlSA,09BVSK2BeCopebFI6plOIQ
GbjI-ti7-da1MMmVZtwlSA,qT1-N9hjbyjMW4Mvq4uU4w
GbjI-ti7-da1MMmVZtwlSA,9aPhTC34PILldShZHzPi5g
GbjI-ti7-da1MMmVZtwlSA,ukQpN6oIE_9X0x3_zGW7Dw
GbjI-ti7-da1MMmVZtwlSA,JeYy6V_rdUCDhT5JxzApWg
GbjI-ti7-da1MMmVZtwlSA,Ld3Si3mQ6rDcPKnhdyUhfw
GbjI-ti7-da1MMmVZtwlSA,X_VG-TMZppdevSTY3xq1Vg
GbjI-ti7-da1MMmVZtwlSA,X3h37GG6Za3qhVZiOnzIcw
GbjI-ti7-da1MMmVZtwlSA,xJEbA3Dwldz_twXsHNaJhA
X2KI6K8fNoUfQNlN_yWqOQ,5eKI5IE1LhtzUzE_DDWc8A
X2KI6K8fNoUfQNlN_yWqOQ,rrdTqXpsvxB8DXTVTvB0Rw
X2KI6K8fNoUfQNlN_yWqOQ,ez24d08Qyqb7mCKEuTaifQ
X2KI6K8fNoUfQNlN_yWqOQ,H-ROZEeDUP5j4DjLXn8iOA
X2KI6K8fNoUfQNlN_yWqOQ,kAGnLlZezVTFJcSxPQeKeg
X2KI6K8fNoUfQNlN_yWqOQ,gYm5WujteCSMhwdA2jqqzg
X2KI6K8fNoUfQNlN_yWqOQ,0fcXVDi6zmRYs7t3hTpYkQ
X2KI6K8fNoUfQNlN_yWqOQ,ZKvfBXFWVpKa8Ea2ZQ5DwA
X2KI6K8fNoUfQNlN_yWqOQ,lpYf3kPjvPyA6ZeiFIW6Mg
X2KI6K8fNoUfQNlN_yWqOQ,xX2x2CKRLQ6riYuBq-lJmw
X2KI6K8fNoUfQNlN_yWqOQ,RZiAZ0v-f9g_rAJpLFf-fg
X2KI6K8fNoUfQNlN_yWqOQ,V9doxrjqG6S94V9WpHGr7w
X2KI6K8fNoUfQNlN_yWqOQ,z9vq9S7bMa7cxQLYxayQrA
X2KI6K8fNoUfQNlN_yWqOQ,rMvQLkIgoMhXXGU-4y-0Sg
X2KI6K8fNoUfQNlN_yWqOQ,2JUW4ay9IEcJSxMDSm-HBQ
X2KI6K8fNoUfQNlN_yWqOQ,fj3QDWiUs_6zpFgpuvuarw
X2KI6K8fNoUfQNlN_yWqOQ,YSW9TqXnp4sLII1aaWI7GA
X2KI6K8fNoUfQNlN_yWqOQ,bOa-mcGetw56s2tI1K0nfg
X2KI6K8fNoUfQNlN_yWqOQ,OA-eps0MDNwnaThISWu-rw
X2KI6K8fNoUfQNlN_yWqOQ,3aA4uaGPgK_5_ZlYbVs9rg
X2KI6K8fNoUfQNlN_yWqOQ,_iXst4txxHr1Q1pJMLV_CA
X2KI6K8fNoUfQNlN_yWqOQ,AQxvwnwwRlcEgfVkbSMj4g
X2KI6K8fNoUfQNlN_yWqOQ,JRMIB3YI-rwnL_t0kr_Qsg
X2KI6K8fNoUfQNlN_yWqOQ,v31PLPEExETFkub-Yz9__Q
X2KI6K8fNoUfQNlN_yWqOQ,5aJxaiYyOOaNwZwXEmimzw
X2KI6K8fNoUfQNlN_yWqOQ,1GH6Hnh6jLfCT951zmcUYw
X2KI6K8fNoUfQNlN_yWqOQ,JiwV9cp8Ue057efZSm90gg
X2KI6K8fNoUfQNlN_yWqOQ,sCOjoM_buXFVrnAFLVYktA
X2KI6K8fNoUfQNlN_yWqOQ,98uzhBtpEBf-daoQ4x_VOA
X2KI6K8fNoUfQNlN_yWqOQ,3zxy3LVBV3ttxoYbY4rQ8A
X2KI6K8fNoUfQNlN_yWqOQ,q2vt96WEQ7_pnCmMYbSzjg
JYkhoas2sdwAXaoHCmXqLQ,_KXwUwtzl2vT9tgq14zc1g
JYkhoas2sdwAXaoHCmXqLQ,HZS3Hg4vmhlqdzuc-5a5Aw
JYkhoas2sdwAXaoHCmXqLQ,TPP8vmaB209eIbdOwxiqCA
JYkhoas2sdwAXaoHCmXqLQ,5OxozmXs33HzUune6D3odw
JYkhoas2sdwAXaoHCmXqLQ,5eKI5IE1LhtzUzE_DDWc8A
JYkhoas2sdwAXaoHCmXqLQ,Ao2ZuRBcYzzujAH7knS2kg